strat,tf,direction,rr,ema_fast,ema_slow,ema_pull,atr_n,atr_mult,n_trades,avg_monthly,total_return,cagr,max_dd,sharpe,sortino,win_rate,profit_factor,expectancy_R,mar_monthly,pct_long,ema_trend,n,adx_n,adx_max,k
H1_trend_pullback,15m,both,2.0,50.0,200.0,20.0,14,1.0,8781,-0.3879261004732491,-0.9999999999999997,-0.998784600441765,-0.9999999999999997,-9.523544419536984,-12.67057041360156,0.3073681813005352,0.8075819347589877,-0.3953260915072637,-0.3879261004732492,0.52909691379114,,,,,
H1_trend_pullback,15m,short,2.0,50.0,200.0,20.0,14,1.0,4167,-0.20806666985830463,-0.9999999141670991,-0.9531222721358104,-0.999999915129823,-6.283000985664086,-6.719093126666516,0.3095752339812815,0.7376442020752353,-0.37938935586950917,-0.20806668751696122,0.0,,,,,
H1_trend_pullback,15m,both,2.5,50.0,200.0,20.0,14,1.0,8277,-0.3667518027604726,-0.9999999999999969,-0.9981254472060694,-0.9999999999999967,-8.443340792933023,-11.585180506293565,0.2656759695541863,0.8291250871559108,-0.3899175152844862,-0.3667518027604738,0.5253111030566631,,,,,
H1_trend_pullback,15m,short,2.5,50.0,200.0,20.0,14,1.0,3961,-0.20087197450221822,-0.9999998346423152,-0.9469694651721318,-0.9999998349910993,-5.709831771183967,-6.240846478944147,0.26609442060085836,0.7261119899380304,-0.38079470230906004,-0.20087200764788737,0.0,,,,,
H1_trend_pullback,15m,both,3.0,50.0,200.0,20.0,14,1.0,7816,-0.3487620921339225,-0.9999999999999741,-0.997217135216053,-0.9999999999999729,-7.541726302562151,-10.75598564263658,0.234007164790174,0.8136756566013608,-0.384522677549828,-0.34876209213393194,0.5239252814738997,,,,,
H1_trend_pullback,15m,short,3.0,50.0,200.0,20.0,14,1.0,3751,-0.18849681940704763,-0.9999994759149446,-0.9341206228801741,-0.9999994820878599,-5.100757814056852,-5.815390990638111,0.23513729672087444,0.742037571160803,-0.3698004328951228,-0.1884969170318893,0.0,,,,,
H1_trend_pullback,15m,both,2.0,50.0,200.0,20.0,14,1.5,5712,-0.1742832816618064,-0.9999983255833831,-0.9180350276113453,-0.9999984621212605,-4.916019193210864,-7.586617000973468,0.32598039215686275,0.8629731393099735,-0.22235040712747337,-0.1742835496887721,0.5215336134453782,,,,,
H1_trend_pullback,15m,short,2.0,50.0,200.0,20.0,14,1.5,2784,-0.08718587699911365,-0.9978854938309933,-0.6860017889787762,-0.9978971768193547,-3.351464335743666,-4.253304864247772,0.32794540229885055,0.7733790700710151,-0.21072984624209656,-0.08736959981889653,0.0,,,,,
H1_trend_pullback,15m,both,2.5,50.0,200.0,20.0,14,1.5,5218,-0.15974872608174912,-0.9999953303130892,-0.9005961110124237,-0.999996037321943,-4.176384521003981,-6.752041863143849,0.2801839785358375,0.8699221469844356,-0.2223094600848666,-0.15974935911702912,0.5214641625143733,,,,,
H1_trend_pullback,15m,short,2.5,50.0,200.0,20.0,14,1.5,2547,-0.07763068333302658,-0.9959957838814406,-0.6459348580428012,-0.9960134656831463,-2.777553127473602,-3.755469789862158,0.2838633686690224,0.7990867206447743,-0.20377474508350407,-0.07794139939642403,0.0,,,,,
H1_trend_pullback,15m,both,3.0,50.0,200.0,20.0,14,1.5,4787,-0.13859681802972657,-0.9999793122640794,-0.8684827937891316,-0.99998675063752,-3.4516630127635994,-6.010862034980995,0.2487988301650303,0.8939628005150922,-0.20987296881913667,-0.1385986543735376,0.5207854606225193,,,,,
H1_trend_pullback,15m,short,3.0,50.0,200.0,20.0,14,1.5,2345,-0.06457272688640911,-0.9904248197069206,-0.5828468435506501,-0.9911234204593186,-2.2129569355729704,-3.096509189191579,0.25415778251599147,0.8333839272742299,-0.18263400738209445,-0.06515104532237169,0.0,,,,,
H1_trend_pullback,15m,both,2.0,50.0,200.0,20.0,14,2.0,3967,-0.09094734379275701,-0.9986221937176889,-0.7103053247463862,-0.9990764655169606,-2.9169602221598265,-4.8180668298245735,0.3307285102092261,0.8764519949567695,-0.15575023698456303,-0.091031414443035,0.5170153768590875,,,,,
H1_trend_pullback,15m,short,2.0,50.0,200.0,20.0,14,2.0,1967,-0.04213480684955427,-0.9454093702871247,-0.4212672526794585,-0.9526824172220897,-1.916912504171237,-2.8238961379301126,0.3355363497712252,0.8385209705014212,-0.13748838671032615,-0.04422754748892546,0.0,,,,,
H1_trend_pullback,15m,both,2.5,50.0,200.0,20.0,14,2.0,3445,-0.07808571473163359,-0.996706490772026,-0.6587104258942036,-0.9982041229043699,-2.379631821198577,-4.2517525227325015,0.28534107402031933,0.9031037579720544,-0.15313891642244642,-0.07822619937136281,0.5219158200290276,,,,,
H1_trend_pullback,15m,short,2.5,50.0,200.0,20.0,14,2.0,1697,-0.03438191375078932,-0.9091304164889307,-0.3630577056094412,-0.9353121187870749,-1.4596568333026407,-2.3220318712335604,0.291101944608132,0.8761053020538383,-0.12842321398822779,-0.0367598292165574,0.0,,,,,
H1_trend_pullback,15m,both,3.0,50.0,200.0,20.0,14,2.0,3103,-0.06933693865944762,-0.9940915719597231,-0.6190569934271597,-0.9971451160712493,-2.0146538096884554,-4.025745148141885,0.2513696422816629,0.905151786899888,-0.15011733006553202,-0.06953545431043687,0.530132130196584,,,,,
H1_trend_pullback,15m,short,3.0,50.0,200.0,20.0,14,2.0,1518,-0.03002131663401352,-0.8782741814127767,-0.32705523430240446,-0.9122156316305793,-1.214252197858136,-2.0907666366369115,0.25691699604743085,0.8766120715398604,-0.12327752353249093,-0.03291032908562488,0.0,,,,,
H1_trend_pullback,1h,both,2.0,50.0,200.0,20.0,14,1.0,1959,-0.055535347962525156,-0.9784347105002646,-0.5140250739784402,-0.9788441295134391,-2.4397948309220143,-4.928744688841288,0.3215926493108729,0.7750395379925729,-0.18563353104536873,-0.05673563981032455,0.5135273098519653,,,,,
H1_trend_pullback,1h,short,2.0,50.0,200.0,20.0,14,1.0,960,-0.02073986094657844,-0.758545319840745,-0.23453708119518302,-0.7662154575355744,-1.2807131648193786,-1.8565165885372585,0.3375,0.8209206958062639,-0.13759872253904817,-0.027067922922470556,0.0,,,,,
H1_trend_pullback,1h,both,2.5,50.0,200.0,20.0,14,1.0,1858,-0.05198689267875881,-0.9729729952856843,-0.4929466568058013,-0.9748049204449516,-2.0856279921285124,-4.700499352004257,0.27771797631862216,0.8111254323663939,-0.18172057061009134,-0.05333056039051311,0.515069967707212,,,,,
H1_trend_pullback,1h,short,2.5,50.0,200.0,20.0,14,1.0,907,-0.01874160963112244,-0.7210347407920068,-0.2134624605490888,-0.7344533782186711,-1.0399841687846292,-1.6922868255030656,0.2932745314222712,0.8419480485857745,-0.12775646977410055,-0.025517766255739708,0.0,,,,,
H1_trend_pullback,1h,both,3.0,50.0,200.0,20.0,14,1.0,1779,-0.04704452370631567,-0.9633139542014157,-0.4629529500602202,-0.9665620329482261,-1.7491588807727163,-4.322572731137487,0.24620573355817876,0.833561500052757,-0.17070658109153783,-0.04867201700735085,0.5205171444631815,,,,,
H1_trend_pullback,1h,short,3.0,50.0,200.0,20.0,14,1.0,859,-0.017524943918331752,-0.7052119366558046,-0.205258681789375,-0.7317808510313419,-0.911730420573676,-1.6435042305069616,0.2572759022118743,0.8494866960927143,-0.12668910045119894,-0.02394834996520176,0.0,,,,,
H1_trend_pullback,1h,both,2.0,50.0,200.0,20.0,14,1.5,1334,-0.01660163565389903,-0.6918778547452746,-0.19861840580661572,-0.7131671576345344,-0.8650412688225539,-2.3897196162380205,0.3410794602698651,0.897669573368516,-0.07802800565846933,-0.023278743946880696,0.5134932533733133,,,,,
H1_trend_pullback,1h,short,2.0,50.0,200.0,20.0,14,1.5,659,-0.008371720926023686,-0.4398898857514174,-0.10328292364505565,-0.48319094559390063,-0.6127216487050928,-1.2156837284949018,0.34142640364188165,0.8858777470938596,-0.07769962700544739,-0.017325906046798577,0.0,,,,,
H1_trend_pullback,1h,both,2.5,50.0,200.0,20.0,14,1.5,1201,-0.012099623879361828,-0.5824685283453566,-0.15148506004292606,-0.6318884469239964,-0.5603841718251807,-1.7077836918712712,0.29891756869275604,0.917785400977483,-0.05986309982806085,-0.019148354330993447,0.5237302248126561,,,,,
H1_trend_pullback,1h,short,2.5,50.0,200.0,20.0,14,1.5,586,-0.006816501993057977,-0.378911808924734,-0.08568380523764929,-0.45396586018622076,-0.45678422694469223,-1.0125046208451278,0.29692832764505117,0.9001202962985674,-0.06844635320798029,-0.015015450699886966,0.0,,,,,
H1_trend_pullback,1h,both,3.0,50.0,200.0,20.0,14,1.5,1093,-0.007502442444613337,-0.45053094174591346,-0.10651203521628505,-0.5667209369072073,-0.31362392109782583,-1.0160290323154513,0.26715462031107046,0.9439289582905483,-0.039203114733998345,-0.01323833646513356,0.5297346752058555,,,,,
H1_trend_pullback,1h,short,3.0,50.0,200.0,20.0,14,1.5,526,-0.0029058655417736005,-0.20346157389339536,-0.04188192938826418,-0.3411052275686641,-0.15448876728248942,-0.3747091739710738,0.26996197718631176,0.9495961155901671,-0.02756179528686648,-0.008518971000491784,0.0,,,,,
H1_trend_pullback,1h,both,2.0,50.0,200.0,20.0,14,2.0,931,-0.007902763973003648,-0.4350686478072232,-0.10183625450672618,-0.5166064318748687,-0.47492738617281227,-1.7974970648106319,0.34371643394199786,0.9239149237234099,-0.05114753273241232,-0.015297455636243103,0.5284640171858217,,,,,
H1_trend_pullback,1h,short,2.0,50.0,200.0,20.0,14,2.0,456,-0.0021229728514749486,-0.14792205849409545,-0.02965851389637375,-0.3123447573330399,-0.16229210345449172,-0.4684888056445938,0.3530701754385965,0.9525127087406573,-0.024785979436876125,-0.006796889660008966,0.0,,,,,
H1_trend_pullback,1h,both,2.5,50.0,200.0,20.0,14,2.0,811,-0.008606537570087348,-0.4583333910706153,-0.10891216840620521,-0.5400933496797793,-0.4881643403577936,-1.9852614721293769,0.2922318125770654,0.910673135206607,-0.062963613668615,-0.01593527780927159,0.5376078914919852,,,,,
H1_trend_pullback,1h,short,2.5,50.0,200.0,20.0,14,2.0,390,-0.00197646638881362,-0.14203689121491936,-0.028401527067609345,-0.3593788672807494,-0.14265000052944482,-0.4101994946708019,0.30256410256410254,0.950113252142631,-0.02640019506571788,-0.005499673377482126,0.0,,,,,
H1_trend_pullback,1h,both,3.0,50.0,200.0,20.0,14,2.0,719,-0.007051855435498756,-0.39473851114031056,-0.09011186882796962,-0.5239943735819865,-0.3640985334217762,-1.5339931781238227,0.25869262865090403,0.9200320708875025,-0.05464084257338183,-0.013457883883929512,0.5618915159944368,,,,,
H1_trend_pullback,1h,short,3.0,50.0,200.0,20.0,14,2.0,327,-0.001529450049404876,-0.121995962179822,-0.024172924951212482,-0.3974310960029702,-0.10905713606720237,-0.3107594692951371,0.26605504587155965,0.9509194904170606,-0.0243152996240145,-0.0038483401645890473,0.0,,,,,
H1_trend_pullback,4h,both,2.0,50.0,200.0,20.0,14,1.0,448,-0.0011510146722538,-0.08213614468733776,-0.015990338163033413,-0.22680374494244537,-0.055317406033418504,-0.20776225690593922,0.35714285714285715,0.9736734272836299,-0.00878139594107363,-0.005074936802943382,0.4486607142857143,,,,,
H1_trend_pullback,4h,short,2.0,50.0,200.0,20.0,14,1.0,247,-0.0009874063214388943,-0.05930349738995688,-0.01143232354241952,-0.17244290567717901,-0.06878426999278642,-0.21580492172517174,0.3562753036437247,0.9670295163355457,-0.01437693493629917,-0.005725989814201832,0.0,,,,,
H1_trend_pullback,4h,both,2.5,50.0,200.0,20.0,14,1.0,418,0.00014300159671975197,-0.008103242540467015,-0.0015290903744549222,-0.2169137249884383,0.06100152683120676,0.24564378191384242,0.3133971291866029,0.9975136587433799,0.011168368608480262,0.0006592556405887828,0.45215311004784686,,,,,
H1_trend_pullback,4h,short,2.5,50.0,200.0,20.0,14,1.0,229,-0.0017876075197610503,-0.10473449970560067,-0.02059314945799462,-0.21082883543127795,-0.14643659277374615,-0.48931138404506,0.30131004366812225,0.9396331374311568,-0.035450507089750095,-0.008478951734018097,0.0,,,,,
H1_trend_pullback,4h,both,3.0,50.0,200.0,20.0,14,1.0,391,0.00010429103856083276,-0.004534247355172383,-0.0008543721462638265,-0.2722652143215425,0.07039316956717985,0.3002796136794967,0.27621483375959077,0.9986831373165915,0.0146280556913454,0.0003830494425103682,0.4629156010230179,,,,,
H1_trend_pullback,4h,short,3.0,50.0,200.0,20.0,14,1.0,210,-0.003533650651377297,-0.19098003406358743,-0.03907600479705742,-0.2795390619270849,-0.31252694850784535,-1.0772670937496194,0.2523809523809524,0.8857925461843611,-0.08595056064554427,-0.012640990590070077,0.0,,,,,
H1_trend_pullback,4h,both,2.0,50.0,200.0,20.0,14,1.5,302,0.0012325839174000992,0.08919238248359096,0.016198632881488262,-0.14114617492417492,0.2015771820575131,2.663959331553701,0.3675496688741722,1.0414414246832917,0.03866737630120158,0.008732676730788171,0.4966887417218543,,,,,
H1_trend_pullback,4h,short,2.0,50.0,200.0,20.0,14,1.5,152,0.0003482805953466655,0.041606505981831576,0.00769637545388191,-0.10225592470119216,0.13758176059233326,1.0543884987358259,0.3684210526315789,1.0383412313511935,0.037190357271455685,0.0034059698385633494,0.0,,,,,
H1_trend_pullback,4h,both,2.5,50.0,200.0,20.0,14,1.5,272,0.0017503849785334893,0.1036766842328487,0.01872665239752025,-0.16216864962484678,0.21698739523957858,2.8543092844808626,0.31985294117647056,1.0476380234535694,0.04937841873676373,0.01079360889162453,0.5147058823529411,,,,,
H1_trend_pullback,4h,short,2.5,50.0,200.0,20.0,14,1.5,132,0.0005027351423407961,0.03416048576444042,0.006337576534478195,-0.1416134867447092,0.11811705047061803,0.8661703770774147,0.3181818181818182,1.0326453688872932,0.03850455766579179,0.003550051297353419,0.0,,,,,
H1_trend_pullback,4h,both,3.0,50.0,200.0,20.0,14,1.5,256,0.002741909733025214,0.18085205090927925,0.031759501185141925,-0.15755986091962904,0.3113352114493982,4.053818596171054,0.2890625,1.0844218403896508,0.0810225211797103,0.01740233659144861,0.5078125,,,,,
H1_trend_pullback,4h,short,3.0,50.0,200.0,20.0,14,1.5,126,0.0001912892143734364,0.01902798147549767,0.003551438360146042,-0.13774501364522795,0.08366630050316791,0.6492095133240661,0.2777777777777778,1.0184654619321984,0.030590707481453632,0.0013887197025230643,0.0,,,,,
H1_trend_pullback,4h,both,2.0,50.0,200.0,20.0,14,2.0,214,2.218939818098703e-05,-0.00685861231825291,-0.001293569627806912,-0.1660509307921647,0.030856792060874078,0.2571487753005873,0.35514018691588783,0.9952192717313746,0.006964404927817436,0.00013363007406902208,0.5046728971962616,,,,,
H1_trend_pullback,4h,short,2.0,50.0,200.0,20.0,14,2.0,107,-0.0005746205850549954,-0.034629371492708505,-0.006606592555318036,-0.14785079246637123,-0.07213735671330729,-0.3365772905423047,0.34579439252336447,0.9535025440084288,-0.022881500985441682,-0.003886489720274535,0.0,,,,,
H1_trend_pullback,4h,both,2.5,50.0,200.0,20.0,14,2.0,184,0.000830029599272435,0.049894287850752894,0.00919954149873714,-0.15095665656939072,0.14322019092378868,1.0453374798033157,0.31521739130434784,1.0364705103334426,0.03946638806246436,0.005498463056452848,0.5054347826086957,,,,,
H1_trend_pullback,4h,short,2.5,50.0,200.0,20.0,14,2.0,92,-0.000883520474726689,-0.048050481221851626,-0.009218883241740916,-0.16123519541469478,-0.1076686638983327,-0.4279963501910851,0.29347826086956524,0.9295833044189468,-0.04106268758925322,-0.005479699841305034,0.0,,,,,
H1_trend_pullback,4h,both,3.0,50.0,200.0,20.0,14,2.0,164,0.0028992779993109296,0.1986867894629718,0.034672524206873945,-0.15312194527970668,0.3870090054250082,2.8381165993711632,0.29878048780487804,1.1516358527955932,0.12684808239762446,0.018934438130438068,0.5365853658536586,,,,,
H1_trend_pullback,4h,short,3.0,50.0,200.0,20.0,14,2.0,79,-0.0005224115454718643,-0.02290602729846891,-0.0043487741081265074,-0.14891260314143828,-0.03113301606748699,-0.11287241557331633,0.26582278481012656,0.9631421529649069,-0.014160727276891097,-0.0035081754965741478,0.0,,,,,
H2_breakout_trend,15m,both,2.0,,,,14,1.5,4782,-0.1680287895879935,-0.9999970170234426,-0.9086316017663572,-0.9999970153303595,-5.310209990340912,-9.225771499304944,0.31053952321204514,0.7314418207471192,-0.2557443329305577,-0.16802929109991738,0.5330405687996654,200.0,30.0,,,
H2_breakout_trend,15m,both,3.0,,,,14,1.5,4232,-0.13187058584059494,-0.999963725410638,-0.8538317158880195,-0.9999633229291639,-3.5597658405650887,-7.4680841342529805,0.24196597353497165,0.7775311878833445,-0.22642671706152662,-0.13187542264481283,0.5285916824196597,200.0,30.0,,,
H2_breakout_trend,15m,both,2.0,,,,14,2.0,3869,-0.10795176400131792,-0.9995546672828364,-0.7657460369007482,-0.9996014478059148,-3.5249338929699614,-6.597029370588158,0.31765314034634273,0.8292178743782348,-0.18931272745585673,-0.10799480556802687,0.5301111398294133,200.0,30.0,,,
H2_breakout_trend,15m,both,3.0,,,,14,2.0,3198,-0.052819742780804396,-0.9832757144227331,-0.5367147685145578,-0.9896960543205281,-1.5143401214817371,-3.521334899362262,0.2592245153220763,0.9158008401094233,-0.11240217674684816,-0.053369660867313026,0.5312695434646654,200.0,30.0,,,
H2_breakout_trend,15m,both,2.0,,,,14,3.0,2241,-0.01894626202435484,-0.7450264815068071,-0.22665370410819574,-0.8258520040044983,-0.737677824674271,-1.5459892737905552,0.3485051316376618,0.9486047450449486,-0.05067402500970509,-0.02294147369321107,0.5390450691655511,200.0,30.0,,,
H2_breakout_trend,15m,both,3.0,,,,14,3.0,1630,0.0023628079415012847,-0.01537470849737732,-0.002909882223011806,-0.477108410622473,0.14711257249367576,0.3728554214558646,0.2791411042944785,0.9991677569032426,0.01506294136688018,0.004952350218304851,0.5349693251533743,200.0,30.0,,,
H2_breakout_trend,15m,both,2.0,,,,14,1.5,3855,-0.13258697141730513,-0.9999466348652343,-0.842824227466738,-0.9999474619859594,-4.680428865857267,-8.773440828270171,0.31076523994811933,0.7490019417697538,-0.24495004378098004,-0.13259393763946253,0.5297016861219196,200.0,50.0,,,
H2_breakout_trend,15m,both,3.0,,,,14,1.5,3428,-0.10084291680834664,-0.9995646530232188,-0.7667430777881569,-0.9995682773512214,-3.011753949689488,-6.912322373524706,0.24358226371061845,0.7828065429918034,-0.21058241065331088,-0.1008864717831708,0.5262543757292882,200.0,50.0,,,
H2_breakout_trend,15m,both,2.0,,,,14,2.0,3216,-0.09158081747435737,-0.9985258725779472,-0.7066000399157727,-0.9988335719853154,-3.34000102904884,-6.882703160850084,0.314365671641791,0.8281848807743336,-0.19264217505563438,-0.09168776465165086,0.5282960199004975,200.0,50.0,,,
H2_breakout_trend,15m,both,3.0,,,,14,2.0,2712,-0.051541616083968296,-0.9784001297763967,-0.5138786031571569,-0.9874183680157,-1.5919610615141793,-4.158861423521411,0.25405604719764013,0.8955943083251592,-0.12608955425468651,-0.052198356596855185,0.528023598820059,200.0,50.0,,,
H2_breakout_trend,15m,both,2.0,,,,14,3.0,2046,-0.019868967021699595,-0.773855813238449,-0.24391040157726496,-0.8319470418618589,-0.8554845727436646,-2.032662361885696,0.34359726295210163,0.9293243824785914,-0.0624286608813786,-0.023882490136912765,0.5312805474095796,200.0,50.0,,,
H2_breakout_trend,15m,both,3.0,,,,14,3.0,1557,-0.007308305618862379,-0.4890518508983581,-0.11864328349401365,-0.634246246386079,-0.27172283896594623,-0.7424197280908956,0.2678227360308285,0.9504292275053645,-0.027529552731699384,-0.011522820451055,0.5414258188824663,200.0,50.0,,,
H2_breakout_trend,15m,both,2.0,,,,14,1.5,3116,-0.099224763392775,-0.9991300291288853,-0.7343045058266117,-0.9992715590289436,-3.6941201574726112,-7.635771210073538,0.3173940949935815,0.7899827820298048,-0.21589835919980058,-0.09929709546541891,0.5378690629011553,200.0,80.0,,,
H2_breakout_trend,15m,both,3.0,,,,14,1.5,2759,-0.07243152260743718,-0.9956206576075445,-0.6399209634724383,-0.9968253854849667,-2.3438934263732505,-5.884773984289041,0.24864081188836534,0.8485231218276831,-0.18155690963876314,-0.0726621970729592,0.5367886915549112,200.0,80.0,,,
H2_breakout_trend,15m,both,2.0,,,,14,2.0,2603,-0.057176160047659325,-0.9818809942154665,-0.5296825083513046,-0.9872724005303255,-2.204356330495233,-4.936696461969419,0.3284671532846715,0.8763399024943381,-0.14388362924079962,-0.05791325678399036,0.5359200922013062,200.0,80.0,,,
H2_breakout_trend,15m,both,3.0,,,,14,2.0,2207,-0.03837197904626861,-0.9395806415679446,-0.4101189342808921,-0.9640692408245303,-1.2700946584169535,-3.4721496012087822,0.2560036248300861,0.916609101403796,-0.11182489538575302,-0.039802098668193765,0.5351155414589941,200.0,80.0,,,
H2_breakout_trend,15m,both,2.0,,,,14,3.0,1773,-0.01712178295283036,-0.7112912130414,-0.20836735523552996,-0.8241354692290659,-0.7681233168363045,-1.9407942080335403,0.34348561759729274,0.946487458721831,-0.05986177884996676,-0.020775447231808696,0.5375070501974055,200.0,80.0,,,
H2_breakout_trend,15m,both,3.0,,,,14,3.0,1356,0.007691658798436255,0.435553098695465,0.07036542645581467,-0.3898059769357535,0.37892930875103786,1.116957520474453,0.28466076696165193,1.0269600083335193,0.04282699416910075,0.019732018628600887,0.5457227138643068,200.0,80.0,,,
H2_breakout_trend,1h,both,2.0,,,,14,1.5,1199,-0.006730066028183056,-0.4068807056132929,-0.0935732452102388,-0.5395700099699969,-0.3516472266006207,-1.2663699829304378,0.353628023352794,0.9498892548837699,-0.03323818963298846,-0.012473017224506762,0.5396163469557965,200.0,30.0,,,
H2_breakout_trend,1h,both,3.0,,,,14,1.5,1037,-0.002193984302934616,-0.1970775515224843,-0.040442338214396134,-0.42221460041912884,-0.053222971994060626,-0.21689138898168187,0.2738669238187078,0.9769377470811587,-0.00536687627964689,-0.005196372415252022,0.532304725168756,200.0,30.0,,,
H2_breakout_trend,1h,both,2.0,,,,14,2.0,954,-0.009853325765299426,-0.5052241948594325,-0.12395875025049519,-0.6460259812082454,-0.6014683690187907,-2.423300302444103,0.33752620545073375,0.9231489387423829,-0.06365456597021256,-0.015252212839599748,0.5335429769392034,200.0,30.0,,,
H2_breakout_trend,1h,both,3.0,,,,14,2.0,791,0.004855352933460868,0.28615491669158133,0.04846950638169156,-0.4384517403413719,0.32598708365840073,1.460250806450662,0.2831858407079646,1.0317098236009885,0.047845771308554205,0.011073859416501719,0.5461441213653603,200.0,30.0,,,
H2_breakout_trend,1h,both,2.0,,,,14,3.0,611,0.003567325120167988,0.22481135814255904,0.038876672314046345,-0.24696416309564218,0.32359222809297655,1.0930760713533787,0.36824877250409166,1.04448452912996,0.04359239346807908,0.014444707586122383,0.5564648117839607,200.0,30.0,,,
H2_breakout_trend,1h,both,3.0,,,,14,3.0,440,0.008969905999908793,0.6214822841403469,0.09516647572449011,-0.2532235462749062,0.6332154778439368,2.304380776229053,0.3,1.1289067274908422,0.12639210702466244,0.0354228748939912,0.5522727272727272,200.0,30.0,,,
H2_breakout_trend,1h,both,2.0,,,,14,1.5,1008,-0.004875954083139558,-0.2886564850713923,-0.062051069064612774,-0.49583467373886814,-0.2254064985033916,-0.7647993904713499,0.35615079365079366,0.9597151123966012,-0.02345074361227376,-0.00983383039022294,0.5426587301587301,200.0,50.0,,,
H2_breakout_trend,1h,both,3.0,,,,14,1.5,904,-0.004582990054023416,-0.2660868822137119,-0.05652468913023767,-0.41117849583808663,-0.15051708022450863,-0.5640812742050725,0.26991150442477874,0.9605801521779371,-0.018579282890664864,-0.011145986719665662,0.540929203539823,200.0,50.0,,,
H2_breakout_trend,1h,both,2.0,,,,14,2.0,829,-0.010464152652706067,-0.4956771459217897,-0.12080410648822004,-0.5583035803659726,-0.6367752542662591,-2.581879764301308,0.3341375150784077,0.9038569918861659,-0.07252281633765573,-0.0187427647263998,0.5355850422195416,200.0,50.0,,,
H2_breakout_trend,1h,both,3.0,,,,14,2.0,700,0.005754972998764993,0.356363933304954,0.05900309462923903,-0.2915066475688517,0.38189989456732487,1.768250642607589,0.2857142857142857,1.052756561175245,0.05963231056026763,0.01974216727735415,0.54,200.0,50.0,,,
H2_breakout_trend,1h,both,2.0,,,,14,3.0,581,0.0019921762861374315,0.08749111971706314,0.01589991449048722,-0.294053929383143,0.18018172579231853,0.7082567413484618,0.3614457831325301,1.0192254793897144,0.024752930091070904,0.006774867080730924,0.5490533562822719,200.0,50.0,,,
H2_breakout_trend,1h,both,3.0,,,,14,3.0,424,0.010386062929160342,0.7886964741027085,0.11557023061831617,-0.24908325609261128,0.7465709320566174,3.0956596513818413,0.30660377358490565,1.1483150374856357,0.15389434200703797,0.04169715416478543,0.5495283018867925,200.0,50.0,,,
H2_breakout_trend,1h,both,2.0,,,,14,1.5,852,-0.009071971802032338,-0.47451171569672357,-0.1139796601080626,-0.5292899890513467,-0.5919838919537587,-1.84421716886059,0.3415492957746479,0.9055737319926028,-0.0653512070332358,-0.017139889266169855,0.5610328638497653,200.0,80.0,,,
H2_breakout_trend,1h,both,3.0,,,,14,1.5,759,0.000638088100064084,-0.037119075188252304,-0.007088952262225834,-0.35486374494355066,0.069624911733478,0.26315481925328804,0.2766798418972332,0.9944243015849683,0.010888684466922574,0.001798121417462882,0.5546772068511199,200.0,80.0,,,
H2_breakout_trend,1h,both,2.0,,,,14,2.0,707,-0.006264977911792693,-0.365711587170781,-0.08206012552275499,-0.4305160955383719,-0.4401982930402023,-1.7653158168987,0.33946251768033947,0.9214541689352245,-0.05428878401982484,-0.01455225014051605,0.5572842998585573,200.0,80.0,,,
H2_breakout_trend,1h,both,3.0,,,,14,2.0,598,0.005151340753379766,0.2637474137285456,0.045009393338542925,-0.31365879322271284,0.32638788769614685,1.474299143325333,0.2842809364548495,1.0458943985752474,0.05515275066127701,0.01642339020835952,0.5618729096989966,200.0,80.0,,,
H2_breakout_trend,1h,both,2.0,,,,14,3.0,502,0.0022563145900923714,0.09241106748108763,0.01676275495968138,-0.24667465050502546,0.1891493851874416,0.900349031690027,0.36254980079681276,1.0234566298230598,0.02791862219139905,0.009146925253458112,0.5597609561752988,200.0,80.0,,,
H2_breakout_trend,1h,both,3.0,,,,14,3.0,383,0.009980946461173932,0.7397739454749244,0.10976678321041478,-0.20602160524693813,0.7341814736790252,3.730896403032049,0.30809399477806787,1.165811782868152,0.16140111856261233,0.04844611539265864,0.5483028720626631,200.0,80.0,,,
H2_breakout_trend,4h,both,2.0,,,,14,1.5,321,0.007017716340690918,0.5504808455150099,0.08598240308053429,-0.13887656222054745,0.7714104334475632,4.2613404731555,0.40186915887850466,1.1920311075840258,0.14751227273453918,0.05053204247341755,0.5638629283489096,200.0,30.0,,,
H2_breakout_trend,4h,both,3.0,,,,14,1.5,262,0.011814797853079867,1.0409779181801073,0.14360006563441163,-0.1562490172669848,1.0893093349767913,18.7002432072587,0.33969465648854963,1.3210707295387583,0.2903466905943012,0.07561518184073927,0.5572519083969466,200.0,30.0,,,
H2_breakout_trend,4h,both,2.0,,,,14,2.0,265,0.004244343331373551,0.2862851424408466,0.048489471989458854,-0.13543602271544786,0.5082088670034904,3.5792862065671978,0.3849056603773585,1.1245207234419294,0.10564015563362819,0.03133836365152977,0.5622641509433962,200.0,30.0,,,
H2_breakout_trend,4h,both,3.0,,,,14,2.0,209,0.007746490783795901,0.5942697450946413,0.09168585285409447,-0.12237506324804903,0.7991019329522511,5.858572075735882,0.3253588516746411,1.2907098579998877,0.24062630521203807,0.063301219857955,0.5645933014354066,200.0,30.0,,,
H2_breakout_trend,4h,both,2.0,,,,14,3.0,172,0.003738609572044426,0.24684462874169122,0.04236619320413082,-0.10683992808758991,0.5356708156043323,2.3818030908176784,0.3953488372093023,1.1923894797672812,0.13897469880109498,0.03499262531307046,0.5872093023255814,200.0,30.0,,,
H2_breakout_trend,4h,both,3.0,,,,14,3.0,112,0.005153749202698286,0.36423784272109083,0.06015663101353885,-0.13434392629209113,0.7127795306732791,3.0615653465272192,0.3392857142857143,1.3805597478182665,0.29513077339299054,0.03836235358711329,0.5714285714285714,200.0,30.0,,,
H2_breakout_trend,4h,both,2.0,,,,14,1.5,280,0.0049391480608738155,0.32400517330970313,0.05420464640793399,-0.19241574255374605,0.5436997241258624,3.6533170877616903,0.3892857142857143,1.131314521980596,0.11099139844194268,0.02566914741653324,0.5857142857142857,200.0,50.0,,,
H2_breakout_trend,4h,both,3.0,,,,14,1.5,237,0.009328945930705105,0.7392513383317345,0.10970407733918619,-0.14139852836277245,0.8999587007377365,18.702721101478264,0.3291139240506329,1.2916688330174455,0.25117217272481474,0.06597625900865627,0.5738396624472574,200.0,50.0,,,
H2_breakout_trend,4h,both,2.0,,,,14,2.0,241,0.002178157198614042,0.12795735242604844,0.022904691621978834,-0.19022566453809064,0.2776028919333956,1.8575308988375003,0.36929460580912865,1.0667012994159895,0.060397120457145965,0.011450385540263886,0.5726141078838174,200.0,50.0,,,
H2_breakout_trend,4h,both,3.0,,,,14,2.0,194,0.0060015166112797145,0.42565354607153716,0.0689732683487081,-0.1402957254675642,0.6543259715056526,4.492882424976985,0.31443298969072164,1.2335769100824512,0.19985130087481393,0.04277761557794033,0.5773195876288659,200.0,50.0,,,
H2_breakout_trend,4h,both,2.0,,,,14,3.0,151,0.006222660733287524,0.4647370877786099,0.07442465152423416,-0.08770734098984223,0.9355876113428055,3.6379972060962515,0.4370860927152318,1.42697881036516,0.2640019613615871,0.07094800347451187,0.5894039735099338,200.0,50.0,,,
H2_breakout_trend,4h,both,3.0,,,,14,3.0,93,0.005458681677979459,0.39427111328675224,0.06450750063601518,-0.09856118308167372,0.8165421352148773,4.886536624063157,0.3655913978494624,1.5582331058183085,0.37597721082084523,0.05538368663306392,0.6129032258064516,200.0,50.0,,,
H2_breakout_trend,4h,both,2.0,,,,14,1.5,220,0.00831871124888848,0.6498092685165779,0.09873962035882533,-0.09006413245938205,1.0146816050272491,18.84379499174785,0.4318181818181818,1.351037122367484,0.2388440050722571,0.09236430776302797,0.6363636363636364,200.0,80.0,,,
H2_breakout_trend,4h,both,3.0,,,,14,1.5,188,0.01323216545957877,1.2288008066813583,0.16269284022500985,-0.0787254053163301,1.360535314718527,26.63747655482195,0.3776595744680851,1.621137901970519,0.4456821088941191,0.16807999154034214,0.6170212765957447,200.0,80.0,,,
H2_breakout_trend,4h,both,2.0,,,,14,2.0,193,0.004960943107153431,0.3527687825392849,0.05847459228956109,-0.08690473841742274,0.6692467946436416,3.836759706711627,0.40414507772020725,1.2371463258916562,0.16738912130148392,0.05708484022269212,0.6217616580310881,200.0,80.0,,,
H2_breakout_trend,4h,both,3.0,,,,14,2.0,153,0.010494740706666039,0.9040560838266924,0.12876093066188044,-0.09280551275210003,1.2092551782767398,15.377440288414386,0.3790849673202614,1.617825739589277,0.4401037892544953,0.11308316063830552,0.6339869281045751,200.0,80.0,,,
H2_breakout_trend,4h,both,2.0,,,,14,3.0,120,0.008958197517912658,0.746137434045965,0.11052909255408427,-0.05669005526306348,1.4525142330042962,4.45186629642001,0.5083333333333333,1.952597982893962,0.4766078429015838,0.15802061713193266,0.6333333333333333,200.0,80.0,,,
H2_breakout_trend,4h,both,3.0,,,,14,3.0,91,0.00839262740424058,0.6815627100422461,0.10268624137692184,-0.0656778422673312,1.2169681069700906,11.921202225673682,0.4175824175824176,1.9858098303775824,0.5913987713392922,0.12778476141283276,0.6483516483516484,200.0,80.0,,,
H3_failed_breakout,15m,both,2.0,,,,14,1.0,10583,-0.43242627890137153,-1.0,-0.9995223290629918,-1.0,-10.770963255500304,-14.937846169642162,0.3052064631956912,0.8498105857483591,-0.3731852333261143,-0.43242627890137153,0.482660871208542,,20.0,14.0,0.0,
H3_failed_breakout,15m,short,2.0,,,,14,1.0,5878,-0.26919090936611717,-0.9999999996936166,-0.9837571061487053,-0.9999999997141448,-7.3517883114433396,-9.870349461223295,0.3132017693092889,0.7661339323583842,-0.3615906747155441,-0.2691909094430668,0.0,,20.0,14.0,0.0,
H3_failed_breakout,15m,both,3.0,,,,14,1.0,8835,-0.3570845524129114,-0.9999999999999816,-0.9973876148612154,-0.9999999999999859,-7.607701250681666,-11.293455959087472,0.2361063950198076,0.9030277468124648,-0.3422934448679762,-0.3570845524129165,0.48273910582908885,,20.0,14.0,0.0,
H3_failed_breakout,15m,short,3.0,,,,14,1.0,5451,-0.2670641818108366,-0.999999999628513,-0.9831576926389853,-0.9999999996491888,-6.385230979235627,-9.365062950931186,0.23059988992845348,0.7455294739757977,-0.38275344899901176,-0.2670641819045257,0.0,,20.0,14.0,0.0,
H3_failed_breakout,15m,both,2.0,,,,14,1.0,5995,-0.3188531304049644,-0.999999999997569,-0.9934595203177771,-0.9999999999976391,-9.38318397925024,-13.185597387003734,0.29524603836530444,0.7833298793760608,-0.4349127524762186,-0.31885313040571717,0.45454545454545453,,20.0,14.0,25.0,
H3_failed_breakout,15m,short,2.0,,,,14,1.0,3482,-0.19573650239271298,-0.9999996825022401,-0.9400468598261053,-0.999999699068146,-6.673112789455603,-9.426119753137051,0.30298678920160826,0.7217807179593894,-0.4184737138712309,-0.19573656129607928,0.0,,20.0,14.0,25.0,
H3_failed_breakout,15m,both,3.0,,,,14,1.0,5124,-0.2728675839181428,-0.9999999997937044,-0.9849215715568809,-0.9999999998004406,-7.07301543689054,-10.774289926445373,0.22560499609679938,0.8424030628573106,-0.41964000325224793,-0.2728675839725961,0.4498438719750195,,20.0,14.0,25.0,
H3_failed_breakout,15m,short,3.0,,,,14,1.0,3274,-0.19586457530154228,-0.999999704368795,-0.9408461134685967,-0.9999997127038717,-5.92966967978104,-9.32500320507416,0.22205253512522907,0.7260884498357058,-0.4436254227623676,-0.1958646315726926,0.0,,20.0,14.0,25.0,
H3_failed_breakout,15m,both,2.0,,,,14,1.5,6885,-0.20261542090825813,-0.9999998372740054,-0.9471292374350393,-0.9999998487771377,-5.308946204376808,-7.966248665294345,0.3224400871459695,0.8520905776831798,-0.21662656481216055,-0.20261545154834668,0.4885984023238925,,20.0,14.0,0.0,
H3_failed_breakout,15m,short,2.0,,,,14,1.5,4493,-0.15489291182024073,-0.9999914994097839,-0.8887412095805206,-0.9999918193067361,-4.704492081943987,-6.737844968993902,0.31582461606944134,0.7256404551692297,-0.24944960783085587,-0.1548941789620072,0.0,,20.0,14.0,0.0,
H3_failed_breakout,15m,both,3.0,,,,14,1.5,5194,-0.16401226080207215,-0.9999962348050466,-0.9045407746857699,-0.9999962421989017,-3.923498848477723,-6.602624161144355,0.24008471313053523,0.7794653586372822,-0.22544153087088087,-0.16401287712984197,0.4772814786291875,,20.0,14.0,0.0,
H3_failed_breakout,15m,short,3.0,,,,14,1.5,3946,-0.12237536933599662,-0.9998988683001544,-0.8227435682493435,-0.9999045443352989,-3.1441299373869707,-5.330618698108533,0.24556512924480486,0.801037325349175,-0.2177980249112882,-0.122387051873384,0.0,,20.0,14.0,0.0,
H3_failed_breakout,15m,both,2.0,,,,14,1.5,4210,-0.14979853570404783,-0.9999841175445244,-0.8748612098719968,-0.999984738522739,-4.933750728753275,-7.956338408369983,0.3182897862232779,0.8332009336630978,-0.2519879924417782,-0.14980082188588473,0.44394299287410927,,20.0,14.0,25.0,
H3_failed_breakout,15m,short,2.0,,,,14,1.5,2831,-0.11176647726860423,-0.9997024423500751,-0.7828540539390358,-0.9997080883388352,-4.321198327105447,-7.080395619392204,0.31261038502296007,0.7499843306860051,-0.2763440330145008,-0.11179911273331897,0.0,,20.0,14.0,25.0,
H3_failed_breakout,15m,both,3.0,,,,14,1.5,3427,-0.11547474151734666,-0.9998223702363254,-0.8029340703181542,-0.9998480512167798,-3.2968811915960154,-6.271245535607159,0.24423694193171872,0.8282136903574768,-0.2366601497724242,-0.11549229043034887,0.42865480011672014,,20.0,14.0,25.0,
H3_failed_breakout,15m,short,3.0,,,,14,1.5,2566,-0.08471852115671431,-0.9980989302194144,-0.6922232138602935,-0.9981531077955156,-2.7959076276522667,-5.482798056773117,0.24746687451286048,0.8179571316056733,-0.22866690514034377,-0.08487527664350066,0.0,,20.0,14.0,25.0,
H3_failed_breakout,15m,both,2.0,,,,14,2.0,4550,-0.11182907325095087,-0.9997059251277407,-0.7833343629049068,-0.9997348582916583,-3.4888100763453522,-5.436208637749976,0.3224175824175824,0.8557203408908864,-0.16855946579420455,-0.11185873166615777,0.47824175824175824,,20.0,14.0,0.0,
H3_failed_breakout,15m,short,2.0,,,,14,2.0,3446,-0.0849326598555448,-0.9979163210073201,-0.6868679097843382,-0.998012814445261,-2.8272798746203036,-4.373996286294152,0.3261752756819501,0.8247583108179528,-0.16890040318000585,-0.0851017728692733,0.0,,20.0,14.0,0.0,
H3_failed_breakout,15m,both,3.0,,,,14,2.0,3154,-0.09994064231205164,-0.9992717121089774,-0.7430408054022226,-0.999319986705719,-3.0271304629877682,-5.251121728060324,0.2317691819911224,0.7498265375536184,-0.21456580976305592,-0.10000864952327056,0.4686112872542803,,20.0,14.0,0.0,
H3_failed_breakout,15m,short,3.0,,,,14,2.0,2779,-0.07485156322217251,-0.9961915248664251,-0.6492567145980158,-0.996602738286993,-2.258818876891376,-4.059541950697178,0.241453760345448,0.8725163019035869,-0.18554140443697403,-0.07510672040780347,0.0,,20.0,14.0,0.0,
H3_failed_breakout,15m,both,2.0,,,,14,2.0,3006,-0.06689555302737941,-0.9924706967308476,-0.6012859608805109,-0.9953418819780029,-2.4751914522213943,-4.542233877687135,0.3343313373253493,0.8803482964743131,-0.15225175548310627,-0.0672086187054046,0.4251497005988024,,20.0,14.0,25.0,
H3_failed_breakout,15m,short,2.0,,,,14,2.0,2290,-0.057702874544087644,-0.9843933094800079,-0.5427021453329339,-0.9860744772711252,-2.4601015494569736,-4.619197372142792,0.3296943231441048,0.8343005551172316,-0.1712981061655043,-0.058517765010788335,0.0,,20.0,14.0,25.0,
H3_failed_breakout,15m,both,3.0,,,,14,2.0,2424,-0.06430622304336006,-0.9923291197812224,-0.5998865351852487,-0.9953888660898732,-2.1933511927764293,-4.835929932385512,0.24463696369636964,0.8803993339418855,-0.1858327086396406,-0.06460412129781033,0.4207920792079208,,20.0,14.0,25.0,
H3_failed_breakout,15m,short,3.0,,,,14,2.0,1988,-0.04949227616373686,-0.9756258933508519,-0.5027043264891023,-0.9814510594176572,-1.8433460373670576,-4.253863584162064,0.24899396378269617,0.87193994219252,-0.17155892672072398,-0.05042765575402511,0.0,,20.0,14.0,25.0,
H3_failed_breakout,15m,both,2.0,,,,14,1.0,7273,-0.315675590814033,-0.9999999999965822,-0.9930267454280647,-0.9999999999965037,-8.298732329048313,-11.77400190953209,0.3084009349649388,0.7474814589482226,-0.35212235317634266,-0.31567559081513674,0.4793070259865255,,40.0,14.0,0.0,
H3_failed_breakout,15m,short,2.0,,,,14,1.0,3846,-0.1822454588279055,-0.9999990496249411,-0.9263170992824775,-0.9999990718639254,-5.680898577051527,-7.187471091327954,0.3140925637025481,0.6899765611879232,-0.3495277307065565,-0.18224562797664726,0.0,,40.0,14.0,0.0,
H3_failed_breakout,15m,both,3.0,,,,14,1.0,6725,-0.2943537153567526,-0.9999999999740441,-0.9897897395724903,-0.9999999999734478,-6.806760095390401,-10.432902605434636,0.23301115241635686,0.8007978100078745,-0.3469639660035582,-0.29435371536456834,0.48312267657992564,,40.0,14.0,0.0,
H3_failed_breakout,15m,short,3.0,,,,14,1.0,3685,-0.18449452837115204,-0.9999992884108454,-0.9302198986474125,-0.9999992928327764,-4.931015454869824,-6.889945009259137,0.23229308005427407,0.698406524977006,-0.3685590342053007,-0.1844946588397277,0.0,,40.0,14.0,0.0,
H3_failed_breakout,15m,both,2.0,,,,14,1.0,3512,-0.19000757048635736,-0.9999994587378639,-0.9337198170014103,-0.9999994587378639,-6.67045841636576,-9.933145062991995,0.30466970387243736,0.6628014122139885,-0.3997131822731178,-0.1900076733303165,0.42625284738041,,40.0,14.0,25.0,
H3_failed_breakout,15m,short,2.0,,,,14,1.0,2043,-0.1105795253140132,-0.9996599114066209,-0.7773286897048995,-0.9996675558257855,-4.688643495376776,-6.75513027941813,0.3132648066568771,0.6438343937760119,-0.37967728570115833,-0.11061629905820827,0.0,,40.0,14.0,25.0,
H3_failed_breakout,15m,both,3.0,,,,14,1.0,3288,-0.17524953521473646,-0.999998347472701,-0.9182376348666665,-0.999998347472701,-5.403775896641377,-9.14759192276808,0.23205596107055962,0.7109383563004249,-0.389154579490128,-0.17524982481985613,0.42487834549878345,,40.0,14.0,25.0,
H3_failed_breakout,15m,short,3.0,,,,14,1.0,1975,-0.10604342162405975,-0.9995417682861434,-0.7644846424504009,-0.9995417682861434,-3.8211221702879117,-6.304672023031338,0.2379746835443038,0.671895975898589,-0.3732867187351182,-0.10609203635970739,0.0,,40.0,14.0,25.0,
H3_failed_breakout,15m,both,2.0,,,,14,1.5,5593,-0.1746509773528951,-0.9999980053525824,-0.9152923145434192,-0.9999979613377808,-4.868859846765386,-7.502637650699073,0.3191489361702128,0.7760310063847746,-0.22430669780908885,-0.17465133340797004,0.48328267477203646,,40.0,14.0,0.0,
H3_failed_breakout,15m,short,2.0,,,,14,1.5,3151,-0.10398656915773294,-0.9994934624316518,-0.7600030795598521,-0.9994934624316518,-3.507452575151729,-4.802182868924406,0.32148524278006985,0.7365596374287056,-0.23037644840175703,-0.10403926895604265,0.0,,40.0,14.0,0.0,
H3_failed_breakout,15m,both,3.0,,,,14,1.5,4536,-0.15625850897010235,-0.9999900131969517,-0.8853179004360007,-0.9999902487235973,-3.9294380564688334,-6.908417768136206,0.2361111111111111,0.7178778628487307,-0.23896088142345057,-0.15626003270487196,0.47663139329806,,40.0,14.0,0.0,
H3_failed_breakout,15m,short,3.0,,,,14,1.5,2925,-0.09570995278723209,-0.9990615413540407,-0.7304905735978771,-0.9990701948658015,-2.718823309379079,-4.332036920490225,0.2441025641025641,0.7524325632589415,-0.22310996229069727,-0.09579902721458743,0.0,,40.0,14.0,0.0,
H3_failed_breakout,15m,both,2.0,,,,14,1.5,2882,-0.09069476956430902,-0.998461476649966,-0.7042310990778007,-0.998461476649966,-3.437274671457906,-6.140455976349619,0.3303261623872311,0.7853607193982959,-0.21415858252149902,-0.09083452059523393,0.42297015961138096,,40.0,14.0,25.0,
H3_failed_breakout,15m,short,2.0,,,,14,1.5,1780,-0.04974913857326949,-0.9713184322163096,-0.487248391848611,-0.971364388711043,-2.2778251168372345,-3.905179400759647,0.34101123595505617,0.7779482831168733,-0.18881843000650542,-0.05121573237751115,0.0,,40.0,14.0,25.0,
H3_failed_breakout,15m,both,3.0,,,,14,1.5,2466,-0.06948530145692319,-0.9939933527709115,-0.6178739139946989,-0.9939933527709115,-2.3269485450082033,-5.011664767346834,0.2546634225466342,0.820387385157691,-0.19179629002386955,-0.06990519731668433,0.4071370640713706,,40.0,14.0,25.0,
H3_failed_breakout,15m,short,3.0,,,,14,1.5,1678,-0.0393829360064851,-0.9450689379068613,-0.42059018031173423,-0.9513978247771359,-1.5182053001479003,-3.1228715440081545,0.26519666269368297,0.8364749556602087,-0.156901911560606,-0.04139481401033318,0.0,,40.0,14.0,25.0,
H3_failed_breakout,15m,both,2.0,,,,14,2.0,4049,-0.1024209623991241,-0.9993889852499513,-0.7513875614460972,-0.9993823788488686,-3.3645870995226628,-5.210167687423243,0.3205729809829588,0.8077468656663556,-0.17264396328512133,-0.10248425884504482,0.47764880217337613,,40.0,14.0,0.0,
H3_failed_breakout,15m,short,2.0,,,,14,2.0,2605,-0.06290195993173642,-0.9887121489294127,-0.569734532532314,-0.9887238531989371,-2.313300386292831,-3.3792719709236647,0.3285988483685221,0.808968564977668,-0.1618742076385477,-0.06361934095978584,0.0,,40.0,14.0,0.0,
H3_failed_breakout,15m,both,3.0,,,,14,2.0,2965,-0.07674552721265898,-0.9959859367473551,-0.6457712580164798,-0.9959425359754157,-2.315136786521516,-4.137439870205286,0.2411467116357504,0.752831933361408,-0.17132205501804565,-0.07705818803842454,0.4741989881956155,,40.0,14.0,0.0,
H3_failed_breakout,15m,short,3.0,,,,14,2.0,2256,-0.054980775287125055,-0.9819883555219777,-0.5302079115596253,-0.98276710606898,-1.7678484310366067,-3.034178056134663,0.24689716312056736,0.8402106113449999,-0.1629975080645054,-0.055944867250436826,0.0,,40.0,14.0,0.0,
H3_failed_breakout,15m,both,2.0,,,,14,2.0,2247,-0.04328924470540098,-0.9562428252477451,-0.4448510803154885,-0.9597177290993599,-1.8855273282400578,-3.884225843346702,0.3422340898976413,0.8606337323560765,-0.12879141654398926,-0.045106225917099035,0.4076546506453049,,40.0,14.0,25.0,
H3_failed_breakout,15m,short,2.0,,,,14,2.0,1541,-0.027773345307437303,-0.8664278881805907,-0.31519765554982815,-0.8895578513163752,-1.3821762770451609,-2.6927661040662714,0.34717715768981183,0.8518804412917345,-0.12007911357261801,-0.031221516696567933,0.0,,40.0,14.0,25.0,
H3_failed_breakout,15m,both,3.0,,,,14,2.0,1877,-0.03460152552732986,-0.9331176040397481,-0.3987356282522869,-0.9498194094724247,-1.337431770892689,-3.311838366902378,0.2583910495471497,0.8783149475609712,-0.12858796169946873,-0.03642958354214851,0.4006393180607352,,40.0,14.0,25.0,
H3_failed_breakout,15m,short,3.0,,,,14,2.0,1402,-0.02611750730553252,-0.8581693214315738,-0.3074270429524171,-0.9073061616727932,-1.0962285828770255,-2.580466771809599,0.26105563480741795,0.8728108456117235,-0.1236575817553948,-0.028785770899406083,0.0,,40.0,14.0,25.0,
H3_failed_breakout,1h,both,2.0,,,,14,1.0,2672,-0.08279711637409948,-0.9972257615663138,-0.6695480846168881,-0.9972846999432292,-3.286353184396885,-5.9862789133643695,0.3091317365269461,0.7404496890476102,-0.2103167978837705,-0.08302254750204503,0.468562874251497,,20.0,14.0,0.0,
H3_failed_breakout,1h,short,2.0,,,,14,1.0,1520,-0.04734170598102296,-0.9659622529354579,-0.47046799190208966,-0.9659805778011167,-2.359905616691754,-3.6316766241647023,0.3105263157894737,0.7166271216187465,-0.21231660644255657,-0.049008962570228846,0.0,,20.0,14.0,0.0,
H3_failed_breakout,1h,both,3.0,,,,14,1.0,2266,-0.06933474399350067,-0.9935168742285168,-0.6123480693985405,-0.9936501804886203,-2.4970687911450176,-5.275051673489265,0.23300970873786409,0.7753743732648934,-0.20781402426227033,-0.06977782055995382,0.470873786407767,,20.0,14.0,0.0,
H3_failed_breakout,1h,short,3.0,,,,14,1.0,1415,-0.049750478517854996,-0.9725665092339664,-0.4915210275931422,-0.9725665092339664,-2.1221824288750515,-3.9894112248132463,0.22685512367491167,0.736913356151391,-0.2397478084013769,-0.05115380598190712,0.0,,20.0,14.0,0.0,
H3_failed_breakout,1h,both,2.0,,,,14,1.0,1290,-0.042505180412615494,-0.9504273435920737,-0.43166805834752864,-0.9523436033532195,-2.5279693789848836,-4.623406911090686,0.30930232558139537,0.6906232770916851,-0.22282924517691896,-0.04463218975058368,0.44108527131782943,,20.0,14.0,25.0,
H3_failed_breakout,1h,short,2.0,,,,14,1.0,775,-0.0263948254116793,-0.8450847643883493,-0.295836562180281,-0.8451681659388601,-1.9060994590250837,-2.88439667506697,0.30838709677419357,0.6677045213152089,-0.23053975428914283,-0.031230264550201614,0.0,,20.0,14.0,25.0,
H3_failed_breakout,1h,both,3.0,,,,14,1.0,1122,-0.02466417638747402,-0.8499958313907228,-0.30009017341371547,-0.8593900242182277,-1.3134456238916705,-2.8753107580274357,0.24955436720142601,0.8162740567099561,-0.15391534804177343,-0.028699630775805892,0.428698752228164,,20.0,14.0,25.0,
H3_failed_breakout,1h,short,3.0,,,,14,1.0,729,-0.02144316749077608,-0.787940232300066,-0.25299975330699176,-0.787940232300066,-1.2729842871101742,-2.340030268973287,0.24005486968449932,0.754595032937554,-0.19784843881436193,-0.02721420561072457,0.0,,20.0,14.0,25.0,
H3_failed_breakout,1h,both,2.0,,,,14,1.5,1791,-0.05049321952173107,-0.9705708409125653,-0.4847609024766064,-0.9727473873638581,-2.4379888858908667,-4.729394459669287,0.30318257956448913,0.7258734750238892,-0.18709989642188923,-0.051907843883875655,0.4701284198771636,,20.0,14.0,0.0,
H3_failed_breakout,1h,short,2.0,,,,14,1.5,1175,-0.03185922582074336,-0.8927813574828039,-0.34292655195736566,-0.900193879161331,-1.7801544830953846,-3.1446482868599275,0.3072340425531915,0.7383908012391343,-0.18021091363257136,-0.03539151571484259,0.0,,20.0,14.0,0.0,
H3_failed_breakout,1h,both,3.0,,,,14,1.5,1380,-0.029919912083744196,-0.8895476615964312,-0.3392441633781943,-0.8958558078522801,-1.3526993315053237,-3.054917810607244,0.2391304347826087,0.7478141373728545,-0.14511690095250857,-0.033398133741493544,0.4579710144927536,,20.0,14.0,0.0,
H3_failed_breakout,1h,short,3.0,,,,14,1.5,1051,-0.02002549293191759,-0.7804843074744886,-0.24812904888408893,-0.8376706005854837,-0.9995337202343058,-2.0655293808298913,0.2445290199809705,0.8048284779909197,-0.12953187549232315,-0.0239061665980887,0.0,,20.0,14.0,0.0,
H3_failed_breakout,1h,both,2.0,,,,14,1.5,934,-0.016056316808387507,-0.6989079426062217,-0.20208959347047084,-0.7369506795431807,-1.1267954069691042,-2.392384625528662,0.3286937901498929,0.8303014703705183,-0.11844954398477435,-0.021787505262008115,0.42398286937901497,,20.0,14.0,25.0,
H3_failed_breakout,1h,short,2.0,,,,14,1.5,630,-0.017498113585245462,-0.699274330160308,-0.20227229878778918,-0.7017446795464957,-1.3433704189715936,-2.395997768461364,0.30952380952380953,0.7429798106078002,-0.1808662709730486,-0.024935156753242024,0.0,,20.0,14.0,25.0,
H3_failed_breakout,1h,both,3.0,,,,14,1.5,752,-0.005633951168591552,-0.41159995872025434,-0.09493410142535708,-0.5359687562689837,-0.36237050957425526,-0.9108046864765086,0.2646276595744681,0.9145728588012948,-0.055077786772336386,-0.010511715660089843,0.3962765957446808,,20.0,14.0,25.0,
H3_failed_breakout,1h,short,3.0,,,,14,1.5,581,-0.010547055460680754,-0.5599937229684215,-0.1430766156251283,-0.6127956637925572,-0.7316522206470688,-1.5219074015782303,0.24784853700516352,0.8176984761516805,-0.1264715549821488,-0.017211374172274054,0.0,,20.0,14.0,25.0,
H3_failed_breakout,1h,both,2.0,,,,14,2.0,1186,-0.0260870844592532,-0.8438014926723841,-0.29474315148015384,-0.8747242962144026,-1.5278925726428476,-3.082329371648857,0.3102866779089376,0.7495580019936892,-0.146836834168688,-0.029823207806336075,0.48988195615514335,,20.0,14.0,0.0,
H3_failed_breakout,1h,short,2.0,,,,14,2.0,917,-0.02007359378749818,-0.77054335675007,-0.24183972819157362,-0.7878481354460676,-1.3345205787240708,-2.5464240561412526,0.3107960741548528,0.7708938202752073,-0.15077013214177334,-0.025479014145451798,0.0,,20.0,14.0,0.0,
H3_failed_breakout,1h,both,3.0,,,,14,2.0,828,-0.028413479858037105,-0.8607061952695033,-0.3097740349180639,-0.8670438296267031,-1.7079622702678916,-3.3648502461372214,0.21497584541062803,0.724488604600988,-0.22454345719243188,-0.03277052311215944,0.47342995169082125,,20.0,14.0,0.0,
H3_failed_breakout,1h,short,3.0,,,,14,2.0,733,-0.01974167455884536,-0.7700868810104615,-0.24155628330468704,-0.7987992422933692,-1.2406137412855835,-2.5045870813475384,0.22646657571623466,0.7681797765750533,-0.18655430931490133,-0.024714187888018775,0.0,,20.0,14.0,0.0,
H3_failed_breakout,1h,both,2.0,,,,14,2.0,680,-0.0002990361078294562,-0.12521652959303287,-0.024847138380241884,-0.3789107255067349,-0.0733354101778116,-0.19725331253334458,0.3588235294117647,0.9671909271407857,-0.009312799373780123,-0.000789199375207818,0.4264705882352941,,20.0,14.0,25.0,
H3_failed_breakout,1h,short,2.0,,,,14,2.0,516,-0.010445509660841389,-0.5297090700798481,-0.1322813335610029,-0.5498203469440491,-0.9321043654678967,-2.0951074819649604,0.3178294573643411,0.7970275344889836,-0.13634182296216926,-0.01899804130367032,0.0,,20.0,14.0,25.0,
H3_failed_breakout,1h,both,3.0,,,,14,2.0,526,-0.0009601792155390643,-0.1548138324831383,-0.03113948965605262,-0.36411746399821787,-0.0908802133424609,-0.2954790467483372,0.26996197718631176,0.9634018832922663,-0.01640878253794305,-0.002637004017867607,0.40874524714828897,,20.0,14.0,25.0,
H3_failed_breakout,1h,short,3.0,,,,14,2.0,466,-0.005700899536690004,-0.37628398682938136,-0.08495747284978517,-0.4681638572875757,-0.45531428492065434,-1.238832566967299,0.2532188841201717,0.8734378583686792,-0.08635331109613355,-0.012177145774813951,0.0,,20.0,14.0,25.0,
H3_failed_breakout,1h,both,2.0,,,,14,1.0,1866,-0.06172166826370241,-0.9863233075650752,-0.5539160198995771,-0.9871723295012346,-2.869089011845933,-4.850224249626036,0.30439442658092175,0.7400630469408388,-0.2200747703251494,-0.06252370170757021,0.4587352625937835,,40.0,14.0,0.0,
H3_failed_breakout,1h,short,2.0,,,,14,1.0,1014,-0.03499338222970273,-0.9139490303326157,-0.3695515069893759,-0.9141260759069305,-2.1398458017941966,-2.8159208515292575,0.3027613412228797,0.6990970921553936,-0.23192765860400866,-0.03828069579459792,0.0,,40.0,14.0,0.0,
H3_failed_breakout,1h,both,3.0,,,,14,1.0,1735,-0.0577081170795824,-0.9835604154513894,-0.5382084325019445,-0.9855666605447346,-2.3293147708681343,-4.667221430290256,0.22881844380403457,0.7531655585108621,-0.22239721839226861,-0.05855323580820644,0.4628242074927954,,40.0,14.0,0.0,
H3_failed_breakout,1h,short,3.0,,,,14,1.0,972,-0.039304029413536584,-0.9390107469737414,-0.4090764556502624,-0.9390107469737414,-2.0419192173625116,-3.2513082923617773,0.21810699588477367,0.6978097303356329,-0.27367202376359967,-0.04185684726208537,0.0,,40.0,14.0,0.0,
H3_failed_breakout,1h,both,2.0,,,,14,1.0,719,-0.023691588977371163,-0.8166431577837961,-0.27315561728814663,-0.8275635599449087,-1.887741745696665,-3.411294164048359,0.30737134909596664,0.6665264855395119,-0.22589723922505114,-0.02862812009140219,0.39777468706536856,,40.0,14.0,25.0,
H3_failed_breakout,1h,short,2.0,,,,14,1.0,437,-0.01362268117260263,-0.6265313711365457,-0.1690979015195514,-0.6298706630076933,-1.3531959128344095,-1.9720427679412305,0.3112128146453089,0.6832156602357911,-0.21531986204656633,-0.02162774355540391,0.0,,40.0,14.0,25.0,
H3_failed_breakout,1h,both,3.0,,,,14,1.0,686,-0.01118995730581151,-0.6065526896673665,-0.1609138516434534,-0.6853568771418395,-0.7891597541492866,-1.7226363560168734,0.25801749271137026,0.8099343286679961,-0.12054058080244641,-0.016327197813316274,0.3979591836734694,,40.0,14.0,25.0,
H3_failed_breakout,1h,short,3.0,,,,14,1.0,425,-0.009278676984888021,-0.5189091939476931,-0.12856803252360893,-0.5317556716599292,-0.7713669824572974,-1.2911322765570143,0.24941176470588236,0.7811764968291045,-0.15699283599946445,-0.01744913590845903,0.0,,40.0,14.0,25.0,
H3_failed_breakout,1h,both,2.0,,,,14,1.5,1466,-0.03607460610606399,-0.9199617015856758,-0.3780821425489137,-0.9286196753853049,-1.902658825756342,-3.5348420020293285,0.31105047748976805,0.7428459151751743,-0.16241145135351975,-0.038847557360978634,0.46725784447476126,,40.0,14.0,0.0,
H3_failed_breakout,1h,short,2.0,,,,14,1.5,840,-0.025111229221814274,-0.8269261408515598,-0.28100294790077507,-0.8357281977903751,-1.6791696284195783,-2.5609591166794536,0.3011904761904762,0.7092283239359191,-0.199054426241536,-0.030047124517525135,0.0,,40.0,14.0,0.0,
H3_failed_breakout,1h,both,3.0,,,,14,1.5,1195,-0.027581262743582448,-0.8610030333288181,-0.31005091780099236,-0.8898460958661245,-1.3114668989099716,-2.8532143191176003,0.23765690376569037,0.7210346901368836,-0.15063643778965752,-0.030995542792977532,0.4619246861924686,,40.0,14.0,0.0,
H3_failed_breakout,1h,short,3.0,,,,14,1.5,810,-0.017882312440240057,-0.7385667295320503,-0.22300604895932752,-0.8074474462255286,-1.0335312829612484,-1.8815342091625127,0.23950617283950618,0.7608630648053946,-0.15103179243943343,-0.022146719918221574,0.0,,40.0,14.0,0.0,
H3_failed_breakout,1h,both,2.0,,,,14,1.5,625,-0.008818181325828617,-0.5059684741901398,-0.12420675410619919,-0.5925494308755036,-0.7849222774379264,-1.6342895148973633,0.3344,0.8244413312789141,-0.10266972610419298,-0.01488176490659957,0.4016,,40.0,14.0,25.0,
H3_failed_breakout,1h,short,2.0,,,,14,1.5,386,-0.0062599335436143225,-0.3827924364750481,-0.08676099062536957,-0.4410029864277937,-0.6622695163764295,-1.02568648226328,0.3316062176165803,0.8145779669813498,-0.11490334349157175,-0.014194764516950214,0.0,,40.0,14.0,25.0,
H3_failed_breakout,1h,both,3.0,,,,14,1.5,538,-0.00219824931398962,-0.247945669493862,-0.052181809787705924,-0.5283821680692491,-0.21414633202609634,-0.5118141357783943,0.2695167286245353,0.9294906863805447,-0.03730467313646211,-0.00416033970643294,0.37732342007434944,,40.0,14.0,25.0,
H3_failed_breakout,1h,short,3.0,,,,14,1.5,368,-0.0010401678539206094,-0.1580197598068055,-0.03183175616910683,-0.37398645965311417,-0.13929491292878687,-0.2601974757660356,0.2717391304347826,0.9344346767564713,-0.031049892909969866,-0.002781298164873141,0.0,,40.0,14.0,25.0,
H3_failed_breakout,1h,both,2.0,,,,14,2.0,1067,-0.023965947297992795,-0.8157986277720248,-0.2725271396291743,-0.8492722561752654,-1.4899212944196822,-2.813075485180465,0.30927835051546393,0.7300943145314438,-0.14883692993307177,-0.028219392690306974,0.4835988753514527,,40.0,14.0,0.0,
H3_failed_breakout,1h,short,2.0,,,,14,2.0,685,-0.02101021015175905,-0.7726824604460878,-0.24317411891394525,-0.7992803014283065,-1.615935296673955,-2.680037559562001,0.291970802919708,0.6829852423077478,-0.20672096349476562,-0.02628641055486292,0.0,,40.0,14.0,0.0,
H3_failed_breakout,1h,both,3.0,,,,14,2.0,766,-0.02543574603827991,-0.8284192869370393,-0.28217370083071613,-0.8486585761955064,-1.543372532374932,-3.0363883104792264,0.21671018276762402,0.7095915802935766,-0.21653385211166634,-0.02997170682267429,0.4699738903394256,,40.0,14.0,0.0,
H3_failed_breakout,1h,short,3.0,,,,14,2.0,623,-0.018796087723409485,-0.7432677719452498,-0.22565324046038593,-0.7796150815543494,-1.2582343655579213,-2.3656535033017145,0.22150882825040127,0.7309120304884534,-0.2044213619756111,-0.02410944601781559,0.0,,40.0,14.0,0.0,
H3_failed_breakout,1h,both,2.0,,,,14,2.0,505,-0.002871028478396903,-0.22652423444418512,-0.047161853734170145,-0.5524710534335946,-0.27607106463725883,-0.678847044261714,0.3485148514851485,0.9173025815109115,-0.04059318167673147,-0.005196703900690414,0.4099009900990099,,40.0,14.0,25.0,
H3_failed_breakout,1h,short,2.0,,,,14,2.0,333,-0.006935631164325851,-0.40009770419484636,-0.09163259845693561,-0.47971139789565775,-0.7936277694201602,-1.4745174695696674,0.3153153153153153,0.7724197710728089,-0.14360369144550186,-0.014457924482825032,0.0,,40.0,14.0,25.0,
H3_failed_breakout,1h,both,3.0,,,,14,2.0,424,0.0022646543675394395,0.08759161342713817,0.01591757034704888,-0.4790068550317049,0.1776436185611005,0.5394801409702947,0.2830188679245283,1.0262982978979425,0.03587946952531943,0.004727812021373983,0.37971698113207547,,40.0,14.0,25.0,
H3_failed_breakout,1h,short,3.0,,,,14,2.0,311,-0.0015912827486016436,-0.1682391145697153,-0.0340528340065781,-0.39701779919591307,-0.18652337820838313,-0.44742841624123114,0.26366559485530544,0.9205659243423634,-0.04393055945599819,-0.004008089188506147,0.0,,40.0,14.0,25.0,
H3_failed_breakout,4h,both,2.0,,,,14,1.0,724,-0.018732423567981396,-0.7313314010280529,-0.2190063257511503,-0.7550631013424774,-1.411349803526222,-3.5257280004934186,0.3011049723756906,0.7471903731642582,-0.17187466015900837,-0.024809083551660466,0.4723756906077348,,20.0,14.0,0.0,
H3_failed_breakout,4h,short,2.0,,,,14,1.0,406,-0.014367367394622367,-0.6339794264217751,-0.17224003140033306,-0.6417861161872824,-1.471545911770394,-3.019657125239346,0.28078817733990147,0.6726979311930975,-0.23809815873548926,-0.022386535065569667,0.0,,20.0,14.0,0.0,
H3_failed_breakout,4h,both,3.0,,,,14,1.0,628,-0.012176767579590169,-0.6035490876373358,-0.15971280042747094,-0.6884247634967826,-0.8223756350189243,-2.2873958498309572,0.2372611464968153,0.806921063050858,-0.13289248482646235,-0.017687869793845783,0.4585987261146497,,20.0,14.0,0.0,
H3_failed_breakout,4h,short,3.0,,,,14,1.0,395,-0.013015247529099902,-0.6118177457527421,-0.16303727230263132,-0.644751487349743,-1.1411403488790048,-2.645024282645335,0.21518987341772153,0.704968109615582,-0.22584693554950225,-0.020186455998107422,0.0,,20.0,14.0,0.0,
H3_failed_breakout,4h,both,2.0,,,,14,1.0,332,-0.00937819728009847,-0.48042766978040996,-0.11586435184511412,-0.5301172657559936,-1.0635565346990696,-2.1845939380516404,0.29819277108433734,0.7227004499635088,-0.18758306774943556,-0.017690797651580617,0.463855421686747,,20.0,14.0,25.0,
H3_failed_breakout,4h,short,2.0,,,,14,1.0,189,-0.0052094199232554095,-0.31942122681479446,-0.069818095883738,-0.3623907658974229,-0.8159641080489192,-1.6043375515479779,0.2962962962962963,0.7156586341235471,-0.1939725021274411,-0.014375145322356172,0.0,,20.0,14.0,25.0,
H3_failed_breakout,4h,both,3.0,,,,14,1.0,289,-0.0012141962581195976,-0.13842500218146636,-0.027633542247935905,-0.36740697478544904,-0.14674042246748406,-0.3450655530861849,0.2629757785467128,0.9251147477396976,-0.036242380855703034,-0.0033047719326195144,0.46366782006920415,,20.0,14.0,25.0,
H3_failed_breakout,4h,short,3.0,,,,14,1.0,182,-0.004775488123200453,-0.3083584800263154,-0.06699291591299583,-0.3898949605218671,-0.645760129160208,-1.5303942483864006,0.22527472527472528,0.7330428011234469,-0.1885468398479675,-0.012248140157565902,0.0,,20.0,14.0,25.0,
H3_failed_breakout,4h,both,2.0,,,,14,1.5,501,-0.006912897288576922,-0.40560999409502996,-0.0932083222146951,-0.4781474055999103,-0.6353527742050347,-1.5671260686281954,0.3213572854291417,0.8470402964525225,-0.09402305473221884,-0.014457669763790974,0.4630738522954092,,20.0,14.0,0.0,
H3_failed_breakout,4h,short,2.0,,,,14,1.5,324,-0.007792108390435679,-0.4279959356887859,-0.0997320374330769,-0.4983089782380671,-0.8929931416562963,-1.7536357680120715,0.2993827160493827,0.7508892576905711,-0.1628439602402748,-0.015637102140899015,0.0,,20.0,14.0,0.0,
H3_failed_breakout,4h,both,3.0,,,,14,1.5,366,-0.007516288303804785,-0.4271856882958073,-0.09949232987661905,-0.4606209991300725,-0.66964256202599,-1.647697517547936,0.23497267759562843,0.8188990899564839,-0.13813403282774864,-0.016317728279865714,0.4453551912568306,,20.0,14.0,0.0,
H3_failed_breakout,4h,short,3.0,,,,14,1.5,282,-0.006025497692671838,-0.36711954294005944,-0.08244369953181863,-0.5003491337981416,-0.6230173636891734,-1.431121770067586,0.23404255319148937,0.7968966477596374,-0.14809732386039762,-0.012042586437458959,0.0,,20.0,14.0,0.0,
H3_failed_breakout,4h,both,2.0,,,,14,1.5,238,-0.004465548978663358,-0.2803933488207646,-0.0600114588043974,-0.3497936660332567,-0.6095435841663518,-1.2996494433592882,0.31092436974789917,0.7990381404350951,-0.1286002993244137,-0.012766237391613592,0.47478991596638653,,20.0,14.0,25.0,
H3_failed_breakout,4h,short,2.0,,,,14,1.5,150,-0.0038181163911019354,-0.24724483605505454,-0.05201574888288729,-0.2940492429448234,-0.6830736126804228,-1.1761486658596707,0.29333333333333333,0.7352610542534403,-0.17991501621470798,-0.01298461561357729,0.0,,20.0,14.0,25.0,
H3_failed_breakout,4h,both,3.0,,,,14,1.5,203,-0.000903995441314925,-0.10012094259203808,-0.019645862617865384,-0.2567548135537058,-0.12928189074584984,-0.32472818962051203,0.26108374384236455,0.9338850384967015,-0.03696696902516713,-0.0035208509971161065,0.49261083743842365,,20.0,14.0,25.0,
H3_failed_breakout,4h,short,3.0,,,,14,1.5,142,-0.002081666103584262,-0.1622320223343553,-0.03274458461331997,-0.24876325436136304,-0.33007372347591235,-0.6856236372866353,0.23943661971830985,0.8402191990106692,-0.11030502134740522,-0.008368061066448159,0.0,,20.0,14.0,25.0,
H3_failed_breakout,4h,both,2.0,,,,14,2.0,303,-0.006374263451751787,-0.36535601992037114,-0.08196336651653047,-0.38956268738760014,-0.7538811881364814,-1.6051100367116053,0.3069306930693069,0.7980303677682847,-0.1405335343932387,-0.016362612894210878,0.45544554455445546,,20.0,14.0,0.0,
H3_failed_breakout,4h,short,2.0,,,,14,2.0,246,-0.0056078653241894965,-0.33002672637795005,-0.07256173088184237,-0.462945658498885,-0.7388293487217689,-1.3382790672215399,0.3008130081300813,0.7686909072547505,-0.15329275580682744,-0.012113441872147943,0.0,,20.0,14.0,0.0,
H3_failed_breakout,4h,both,3.0,,,,14,2.0,214,-0.0013750491388967914,-0.1299557438331398,-0.02584294889678218,-0.28123204022705306,-0.18493964231634238,-0.3977234111248622,0.2570093457943925,0.9140995527322647,-0.050209180043845204,-0.004889375825694126,0.4205607476635514,,20.0,14.0,0.0,
H3_failed_breakout,4h,short,3.0,,,,14,2.0,195,-0.004692955452705835,-0.29374086572033076,-0.06331563844540833,-0.4537598179160771,-0.5855146571819329,-1.0963885865432563,0.22564102564102564,0.7767463918281796,-0.16443487542652566,-0.010342377767733054,0.0,,20.0,14.0,0.0,
H3_failed_breakout,4h,both,2.0,,,,14,2.0,166,-0.002200773444807477,-0.15379431329244508,-0.030919788314529795,-0.29884374056374763,-0.36276674247023755,-1.0657300246037624,0.3253012048192771,0.8606707017140727,-0.09086548337668386,-0.007364294934389033,0.46987951807228917,,20.0,14.0,25.0,
H3_failed_breakout,4h,short,2.0,,,,14,2.0,122,-0.00020341434989721435,-0.03526822022781184,-0.006730267844620608,-0.1549591007751403,-0.06410437823049545,-0.11517499105063807,0.3442622950819672,0.9549564074071392,-0.019376513815583033,-0.0013126970205666526,0.0,,20.0,14.0,25.0,
H3_failed_breakout,4h,both,3.0,,,,14,2.0,133,-0.0018789141439669674,-0.1394925487696259,-0.02786025882759935,-0.2540586511152729,-0.28758856152614753,-1.1853153754550543,0.24812030075187969,0.8657577129245952,-0.0985474380896912,-0.007395592063953988,0.48120300751879697,,20.0,14.0,25.0,
H3_failed_breakout,4h,short,3.0,,,,14,2.0,106,-0.0025066658973640354,-0.16945148458120585,-0.034317798815446054,-0.2645153072464529,-0.4264204263322811,-1.0193782405433585,0.22641509433962265,0.7797354256123167,-0.16119122344633718,-0.00947644929685879,0.0,,20.0,14.0,25.0,
H3_failed_breakout,4h,both,2.0,,,,14,1.0,512,-0.017256910486709562,-0.6920794623204916,-0.19871705185331212,-0.7018520630820716,-1.5263130062464492,-3.2068087320922913,0.28515625,0.6594990301568145,-0.2206034082268097,-0.024587675087722315,0.439453125,,40.0,14.0,0.0,
H3_failed_breakout,4h,short,2.0,,,,14,1.0,288,-0.01161123373965452,-0.5496703843858082,-0.13933080152778776,-0.5496703843858082,-1.3992798586680995,-2.2203126088676353,0.2708333333333333,0.6414445667790264,-0.26767501742035754,-0.02112399370511603,0.0,,40.0,14.0,0.0,
H3_failed_breakout,4h,both,3.0,,,,14,1.0,492,-0.014794087994534475,-0.643003269265541,-0.17611726250603288,-0.6801827311395358,-1.0879541607671688,-2.6510669922697576,0.22154471544715448,0.722845235275931,-0.19551155760262948,-0.02175016700254854,0.4329268292682927,,40.0,14.0,0.0,
H3_failed_breakout,4h,short,3.0,,,,14,1.0,287,-0.010797864539212259,-0.5301692759238373,-0.13244109724220998,-0.5377784554970266,-1.0825524929324588,-1.9797000069105275,0.20905923344947736,0.6872593679758293,-0.24971947975618095,-0.02007864842639082,0.0,,40.0,14.0,0.0,
H3_failed_breakout,4h,both,2.0,,,,14,1.0,191,-0.006767782904756461,-0.3738191152947473,-0.08427843493045606,-0.40173772672270136,-1.0076074435931848,-1.8145678689606288,0.28272251308900526,0.6601124747387741,-0.23560407668958686,-0.016846271720524542,0.387434554973822,,40.0,14.0,25.0,
H3_failed_breakout,4h,short,2.0,,,,14,1.0,117,-0.005571394027403474,-0.3143527417600295,-0.06851912459716658,-0.33819917586063675,-1.0813960854078246,-1.5888639036089593,0.2564102564102564,0.5837408150935995,-0.3134067690096754,-0.016473706694363155,0.0,,40.0,14.0,25.0,
H3_failed_breakout,4h,both,3.0,,,,14,1.0,183,-0.0034045564765650335,-0.22953313923186602,-0.04786010027371612,-0.30468131163900525,-0.4228607169076657,-0.8449869561653192,0.24043715846994534,0.8097444802118123,-0.12796483333616687,-0.011174155901622365,0.3879781420765027,,40.0,14.0,25.0,
H3_failed_breakout,4h,short,3.0,,,,14,1.0,116,-0.004511237186349883,-0.27187980278491186,-0.05792983207831581,-0.31730273747304105,-0.7384020355709338,-1.2134619529511512,0.20689655172413793,0.6647167185842602,-0.2601676199900834,-0.014217454353772068,0.0,,40.0,14.0,25.0,
H3_failed_breakout,4h,both,2.0,,,,14,1.5,416,-0.005872247176268858,-0.3496383207642457,-0.07772951004185935,-0.4257961272951998,-0.5693952390749945,-1.3184742195713584,0.32211538461538464,0.8332156994544283,-0.09359912769675448,-0.013791217908841366,0.4375,,40.0,14.0,0.0,
H3_failed_breakout,4h,short,2.0,,,,14,1.5,244,-0.007355766042019539,-0.40273432878060134,-0.09238482138066484,-0.45054859350840004,-0.9656025313115528,-1.5732939477948935,0.28688524590163933,0.698977531399415,-0.20180279352902641,-0.016326243490719938,0.0,,40.0,14.0,0.0,
H3_failed_breakout,4h,both,3.0,,,,14,1.5,347,-0.0038148554771848236,-0.2631785208282811,-0.05582262352531031,-0.32333499925064935,-0.3350560561816782,-0.8044755374745002,0.2507204610951009,0.8819437419639243,-0.07339838387189472,-0.011798461304919072,0.4207492795389049,,40.0,14.0,0.0,
H3_failed_breakout,4h,short,3.0,,,,14,1.5,237,-0.006509724461650575,-0.37840612495646997,-0.08554384011642213,-0.43917248892520233,-0.7280998077864509,-1.361696440309164,0.22362869198312235,0.7525549775277764,-0.18693133517825344,-0.014822705487727577,0.0,,40.0,14.0,0.0,
H3_failed_breakout,4h,both,2.0,,,,14,1.5,155,-0.0011786351293144818,-0.10301777502896947,-0.020240197887133604,-0.18131963091159864,-0.22245497466894595,-0.5115893025273088,0.33548387096774196,0.8953320806092188,-0.060155242837561296,-0.006500317276120635,0.3935483870967742,,40.0,14.0,25.0,
H3_failed_breakout,4h,short,2.0,,,,14,1.5,97,-0.002779330987424145,-0.1837918433985699,-0.037475969933503106,-0.22071639044114677,-0.6241143256569794,-1.1151338693621824,0.28865979381443296,0.7160647331332816,-0.19997586631305758,-0.01259231805063994,0.0,,40.0,14.0,25.0,
H3_failed_breakout,4h,both,3.0,,,,14,1.5,139,0.0004233678067899205,-0.012496495902147742,-0.0023623464163666785,-0.16250562997255635,0.018351231952744528,0.04773273206410954,0.2733812949640288,0.988388143024502,0.0063152216704144256,0.0026052500880210613,0.3597122302158273,,40.0,14.0,25.0,
H3_failed_breakout,4h,short,3.0,,,,14,1.5,94,-0.0017576476157737117,-0.1338621721547517,-0.026667089902388197,-0.17545835318752634,-0.34670109411748434,-0.757826016304118,0.23404255319148937,0.8157347056124223,-0.13873217908629185,-0.010017463311622295,0.0,,40.0,14.0,25.0,
H3_failed_breakout,4h,both,2.0,,,,14,2.0,302,-0.006270542166702446,-0.35345245419475424,-0.07874922000374962,-0.39134873505941925,-0.7174482165266666,-1.4908223869005763,0.3079470198675497,0.7916782657557948,-0.13486373358945786,-0.016022901328019822,0.44039735099337746,,40.0,14.0,0.0,
H3_failed_breakout,4h,short,2.0,,,,14,2.0,204,-0.006295823830159952,-0.35324910098423057,-0.07869473035751784,-0.40339219416750305,-0.9076660406073501,-1.5057590652023682,0.28431372549019607,0.711425954180409,-0.2043102141686811,-0.015607202918620923,0.0,,40.0,14.0,0.0,
H3_failed_breakout,4h,both,3.0,,,,14,2.0,209,-0.005530237777766737,-0.328125320538014,-0.07206725676676407,-0.3922856742756827,-0.6705483035722193,-1.3211856039556826,0.22488038277511962,0.74561063887971,-0.1766810765073317,-0.014097475743863913,0.4258373205741627,,40.0,14.0,0.0,
H3_failed_breakout,4h,short,3.0,,,,14,2.0,182,-0.00571841448803807,-0.33625037419235804,-0.07418824356969655,-0.40218101841000453,-0.7402540593590469,-1.3649559021402087,0.21428571428571427,0.7217190762514892,-0.211694525884623,-0.014218509144577323,0.0,,40.0,14.0,0.0,
H3_failed_breakout,4h,both,2.0,,,,14,2.0,130,-0.0013562405699062818,-0.10286305397728646,-0.020208414821928145,-0.1843823824240709,-0.25974735182882386,-0.6030667494363211,0.33076923076923076,0.879245520694885,-0.07371955916801048,-0.007355586537476187,0.34615384615384615,,40.0,14.0,25.0,
H3_failed_breakout,4h,short,2.0,,,,14,2.0,90,-0.002127663664078998,-0.14088036751048838,-0.028155333775036873,-0.20415975328545044,-0.47546481175106864,-0.8016577745754311,0.3,0.7687471841353221,-0.15922970270620537,-0.010421562672561415,0.0,,40.0,14.0,25.0,
H3_failed_breakout,4h,both,3.0,,,,14,2.0,115,-0.0018790661678104795,-0.13573324955859367,-0.027062901350519142,-0.1837559346673866,-0.30630998973657936,-0.8059774286710591,0.24347826086956523,0.8428305216835483,-0.11262899933274846,-0.010225880166601118,0.30434782608695654,,40.0,14.0,25.0,
H3_failed_breakout,4h,short,3.0,,,,14,2.0,87,-0.001903906147753716,-0.13156962553293539,-0.02618306532667991,-0.14542315295788744,-0.35623643184731824,-0.7297684871527318,0.22988505747126436,0.8017545528643037,-0.14811641403929468,-0.013092180364876709,0.0,,40.0,14.0,25.0,
H4_bb_meanrev,1h,both,2.0,,,,14,1.0,294,-0.011781973015518454,-0.5552385052499187,-0.1413424228921185,-0.5694384235900428,-1.3865098131736004,-1.9660365775869153,0.30272108843537415,0.6327506569481846,-0.2654925606566762,-0.02069051284112271,0.4489795918367347,,20.0,14.0,15.0,2.0
H4_bb_meanrev,1h,short,2.0,,,,14,1.0,167,-0.0057334965382724815,-0.328451836089803,-0.07215208858843303,-0.35714470761860084,-0.8723049487404134,-0.951210166542425,0.31736526946107785,0.6866112113131124,-0.22817686634080508,-0.016053707127575166,0.0,,20.0,14.0,15.0,2.0
H4_bb_meanrev,1h,both,3.0,,,,14,1.0,269,-0.005171984608095726,-0.3255307248517709,-0.07139434345279205,-0.4399823718121978,-0.5308699533407122,-0.9108631570570684,0.26022304832713755,0.8136333164911955,-0.1308249295416347,-0.011754981425263412,0.46096654275092935,,20.0,14.0,15.0,2.0
H4_bb_meanrev,1h,short,3.0,,,,14,1.0,160,-0.0023002199573117256,-0.17022782732469077,-0.03448763435648916,-0.2885512637093658,-0.3021013736420394,-0.3919868524317846,0.26875,0.8544446927990063,-0.10074659587219861,-0.007971616300487077,0.0,,20.0,14.0,15.0,2.0
H4_bb_meanrev,1h,both,2.0,,,,14,1.0,832,-0.03453937005678157,-0.9082808703907459,-0.361941954455831,-0.9097120650088779,-2.4941515165221055,-4.456786160518581,0.29447115384615385,0.5784258268294733,-0.27718214094962856,-0.037967365043624544,0.49038461538461536,,20.0,14.0,20.0,2.0
H4_bb_meanrev,1h,short,2.0,,,,14,1.0,443,-0.01821773206629266,-0.7130956529469676,-0.20930029114041926,-0.7175725375311357,-1.6976823341114038,-2.3647971888718695,0.2979683972911964,0.6185959588489508,-0.27186793262123027,-0.025388000673732845,0.0,,20.0,14.0,20.0,2.0
H4_bb_meanrev,1h,both,3.0,,,,14,1.0,760,-0.019441790787486854,-0.7698230438568323,-0.24139266408047821,-0.7867971993957559,-1.2308749474961649,-2.661689729837608,0.24605263157894736,0.7213463870094938,-0.1781814388218944,-0.024710040659038632,0.4868421052631579,,20.0,14.0,20.0,2.0
H4_bb_meanrev,1h,short,3.0,,,,14,1.0,431,-0.01314500898974563,-0.6090833286797475,-0.16193157115501688,-0.630726238123754,-1.0143352334818256,-1.6653639694020068,0.24129930394431554,0.7177399522255297,-0.20302240346911676,-0.02084106890629539,0.0,,20.0,14.0,20.0,2.0
H4_bb_meanrev,1h,both,2.0,,,,14,1.0,1384,-0.05021386835970052,-0.9688362063989842,-0.47918101484244147,-0.9697264528636055,-2.7947256755043246,-5.284046407707444,0.30491329479768786,0.6185101114830202,-0.24057886268561532,-0.05178147735520548,0.47471098265895956,,20.0,14.0,25.0,2.0
H4_bb_meanrev,1h,short,2.0,,,,14,1.0,767,-0.03156631996711617,-0.8823974545312122,-0.3314026851842957,-0.8873168964676102,-2.1837374590053136,-3.2101468521638084,0.29726205997392435,0.6054223495308697,-0.26911180972692017,-0.03557502408979364,0.0,,20.0,14.0,25.0,2.0
H4_bb_meanrev,1h,both,3.0,,,,14,1.0,1231,-0.029571860190239198,-0.8853417723750103,-0.3345834576699833,-0.8978989278023896,-1.452662162212936,-3.193072018143531,0.24939073923639318,0.7426024165678661,-0.16078213809281627,-0.03293450885682247,0.46791226645004064,,20.0,14.0,25.0,2.0
H4_bb_meanrev,1h,short,3.0,,,,14,1.0,739,-0.026233882566861134,-0.8345299186368762,-0.28705289965131187,-0.8420255377693274,-1.482776436485545,-2.5592407525514806,0.23410013531799728,0.6906100817648607,-0.22877816148869567,-0.03115568517833707,0.0,,20.0,14.0,25.0,2.0
H4_bb_meanrev,1h,both,2.0,,,,14,1.5,251,-0.004428508647000066,-0.28283548920541,-0.06061227020443494,-0.3519646438670305,-0.5932811511540129,-1.4323761201283296,0.33067729083665337,0.8090737276907827,-0.1223424826035582,-0.012582254280839417,0.4581673306772908,,20.0,14.0,15.0,2.0
H4_bb_meanrev,1h,short,2.0,,,,14,1.5,150,-0.00253754296818059,-0.172059093921469,-0.03488876052120882,-0.2507271105533885,-0.42938346509118386,-0.6410045542357121,0.3333333333333333,0.821583306179639,-0.11573292720045354,-0.01012073629604669,0.0,,20.0,14.0,15.0,2.0
H4_bb_meanrev,1h,both,3.0,,,,14,1.5,232,-0.00027616285326464464,-0.06970184776295285,-0.013496847310998539,-0.258259876773275,-0.05577441833213126,-0.13863641380071887,0.27586206896551724,0.9585314747284851,-0.015236078405526033,-0.0010693215559267326,0.4525862068965517,,20.0,14.0,15.0,2.0
H4_bb_meanrev,1h,short,3.0,,,,14,1.5,145,-0.0008906891724951918,-0.08412085651432666,-0.016390873753575286,-0.26652328486449417,-0.12931787443521378,-0.20486064404176346,0.2689655172413793,0.9216316795696767,-0.04490053883734385,-0.003341881265451295,0.0,,20.0,14.0,15.0,2.0
H4_bb_meanrev,1h,both,2.0,,,,14,1.5,668,-0.012216905292546282,-0.5939718289689692,-0.15593184019960382,-0.6198242180774305,-1.0092905143800641,-2.204397593034474,0.3278443113772455,0.782481155721344,-0.1248382693258222,-0.019710274197482402,0.4865269461077844,,20.0,14.0,20.0,2.0
H4_bb_meanrev,1h,short,2.0,,,,14,1.5,394,-0.007180779217497497,-0.40505464900069155,-0.09304903705959722,-0.4621560808198425,-0.7149610117519987,-1.1538939784494469,0.3299492385786802,0.8021528250361266,-0.12169351221380596,-0.015537562991185019,0.0,,20.0,14.0,20.0,2.0
H4_bb_meanrev,1h,both,3.0,,,,14,1.5,574,-0.005918073943025641,-0.40801756804882916,-0.09390026781635563,-0.5765277940577564,-0.4454859648794482,-1.1301155056161618,0.259581881533101,0.8711885388770005,-0.07593294629707875,-0.010265027990017026,0.4808362369337979,,20.0,14.0,20.0,2.0
H4_bb_meanrev,1h,short,3.0,,,,14,1.5,375,-0.0034133512680282196,-0.24899043314888936,-0.05242959760016497,-0.4684491000594255,-0.27596969672811406,-0.5372417644733731,0.264,0.8940766527473145,-0.06082804860559868,-0.007286493383369113,0.0,,20.0,14.0,20.0,2.0
H4_bb_meanrev,1h,both,2.0,,,,14,1.5,1061,-0.014292643958151661,-0.645696988299757,-0.17729007564048527,-0.69503524587908,-0.8930393881937057,-1.882589018932892,0.3402450518378888,0.8436028713962783,-0.08761370480741427,-0.02056391246759628,0.473138548539114,,20.0,14.0,25.0,2.0
H4_bb_meanrev,1h,short,2.0,,,,14,1.5,652,-0.014854781605828505,-0.6333786219856778,-0.1719846531869541,-0.6627439568985088,-1.0667530048746947,-1.8243632554933984,0.3236196319018405,0.7787063012514994,-0.14388516993029304,-0.02241405817617034,0.0,,20.0,14.0,25.0,2.0
H4_bb_meanrev,1h,both,3.0,,,,14,1.5,866,-0.008874679664800496,-0.4911465751042047,-0.1193240007018842,-0.6228842593431874,-0.46225370899856033,-1.1329144857494988,0.2632794457274827,0.8919176020200086,-0.06259812544683628,-0.014247718627789016,0.4745958429561201,,20.0,14.0,25.0,2.0
H4_bb_meanrev,1h,short,3.0,,,,14,1.5,608,-0.007469002140132465,-0.4235946987648239,-0.09843325615332921,-0.5661731831331722,-0.4358694157605418,-0.8930905139458047,0.26151315789473684,0.8751886609526548,-0.07525260979627188,-0.013192080378656237,0.0,,20.0,14.0,25.0,2.0
H4_bb_meanrev,1h,both,2.0,,,,14,1.0,164,-0.006415224247233052,-0.3456760119323644,-0.07667531452670373,-0.38984144012690647,-1.0009544196553202,-2.281341036245473,0.3048780487804878,0.647672571914717,-0.24871636620616988,-0.016455983348370253,0.4817073170731707,,20.0,14.0,15.0,2.5
H4_bb_meanrev,1h,short,2.0,,,,14,1.0,86,-0.0007242116743315496,-0.05274994124062926,-0.010140658091396526,-0.15988175418354966,-0.14977561474225876,-0.6629146626144661,0.37209302325581395,0.907461826405914,-0.05244346118371436,-0.00452967055577918,0.0,,20.0,14.0,15.0,2.5
H4_bb_meanrev,1h,both,3.0,,,,14,1.0,157,-0.0027477564816351524,-0.1815823494209754,-0.03698645299568548,-0.3367952726721314,-0.3447571413381185,-0.7485775638309361,0.2611464968152866,0.8302845024626656,-0.11221186732664401,-0.008158536370877392,0.49044585987261147,,20.0,14.0,15.0,2.5
H4_bb_meanrev,1h,short,3.0,,,,14,1.0,84,0.0010822469000854665,0.055685615572486746,0.010244214166473808,-0.13015221480023287,0.17464629834697842,0.40218057165103793,0.30952380952380953,1.0879693469439442,0.0815022647498045,0.00831523998071472,0.0,,20.0,14.0,15.0,2.5
H4_bb_meanrev,1h,both,2.0,,,,14,1.0,480,-0.023314208972430236,-0.7910889246831893,-0.25509853486919665,-0.7976091548743596,-2.1623114809523565,-4.88621039533102,0.28125,0.5833937089089497,-0.3164339803835949,-0.029230117069183742,0.4708333333333333,,20.0,14.0,20.0,2.5
H4_bb_meanrev,1h,short,2.0,,,,14,1.0,261,-0.009569267629283578,-0.47146074716938413,-0.1130144138501028,-0.5058048708421707,-1.1455808786769412,-2.216768329757445,0.3103448275862069,0.6806541635394914,-0.2342611941349785,-0.018918891811679554,0.0,,20.0,14.0,20.0,2.5
H4_bb_meanrev,1h,both,3.0,,,,14,1.0,460,-0.01482370573156901,-0.6629039576826599,-0.18495753284232996,-0.6766459888585948,-1.2016198267748133,-2.772267809122293,0.23478260869565218,0.7061656070035852,-0.22169882014119915,-0.021907623743657276,0.46304347826086956,,20.0,14.0,20.0,2.5
H4_bb_meanrev,1h,short,3.0,,,,14,1.0,256,-0.008027725146345064,-0.4428087160846561,-0.10416367346597288,-0.4847254922946581,-0.8376879495201804,-1.4578346034386276,0.23828125,0.7179203465159723,-0.2137481626427402,-0.016561384276164947,0.0,,20.0,14.0,20.0,2.5
H4_bb_meanrev,1h,both,2.0,,,,14,1.0,761,-0.03715706524772072,-0.915145478008856,-0.37120954195292866,-0.9193862471023445,-2.7224366976372103,-6.233281709906375,0.2812089356110381,0.5740402984147361,-0.31439806528842246,-0.040415076215061616,0.47963206307490147,,20.0,14.0,25.0,2.5
H4_bb_meanrev,1h,short,2.0,,,,14,1.0,407,-0.019426898011012075,-0.7177085472068545,-0.21170710265231807,-0.7337636446082241,-1.8528737190106148,-3.3005445034193963,0.28746928746928746,0.5997702269805619,-0.30095668384634944,-0.02647568894120478,0.0,,20.0,14.0,25.0,2.5
H4_bb_meanrev,1h,both,3.0,,,,14,1.0,723,-0.02447351159580599,-0.8149869651972543,-0.2719253219379604,-0.8221689757387045,-1.5283142304412702,-3.8089518709899206,0.2351313969571231,0.6829328766536963,-0.21873902971129316,-0.02976700935938013,0.47717842323651455,,20.0,14.0,25.0,2.5
H4_bb_meanrev,1h,short,3.0,,,,14,1.0,396,-0.016960542347106516,-0.6835547606234504,-0.19459095171856067,-0.7075410543238354,-1.3883101356458005,-2.645874859715576,0.2222222222222222,0.6545329478684656,-0.2764126532183234,-0.02397110703818442,0.0,,20.0,14.0,25.0,2.5
H4_bb_meanrev,1h,both,2.0,,,,14,1.5,145,-0.0020056444675546972,-0.132977997838297,-0.026480291399303413,-0.19622106569341025,-0.3265970955544456,-1.0110693979117256,0.33793103448275863,0.8574239570614879,-0.08831250859787455,-0.010221351415390123,0.4827586206896552,,20.0,14.0,15.0,2.5
H4_bb_meanrev,1h,short,2.0,,,,14,1.5,83,-0.0006735996484309534,-0.05155105153169548,-0.009905149883801312,-0.14228718513545469,-0.1475767069762289,-0.27838996633238333,0.3493975903614458,0.9059270299614017,-0.05355008228136077,-0.004734085137672092,0.0,,20.0,14.0,15.0,2.5
H4_bb_meanrev,1h,both,3.0,,,,14,1.5,138,0.001130140424606121,0.05044910319417717,0.009299824606574969,-0.20929029533022814,0.14562323072785835,0.5584483180482507,0.2898550724637681,1.0506661296004536,0.05199563738036306,0.005399870179469774,0.4782608695652174,,20.0,14.0,15.0,2.5
H4_bb_meanrev,1h,short,3.0,,,,14,1.5,82,0.0007997555699637247,0.0397864039404765,0.007364961307757101,-0.13648942055862445,0.1378114600978494,0.3339349313094342,0.2926829268292683,1.06672167776961,0.06398888007717934,0.005859469303118746,0.0,,20.0,14.0,15.0,2.5
H4_bb_meanrev,1h,both,2.0,,,,14,1.5,426,-0.008504085786037667,-0.46107029460671733,-0.10976072649932567,-0.47348513545140336,-0.8522841439373353,-2.001088202003029,0.323943661971831,0.790953795686152,-0.13508535058479007,-0.017960618294659204,0.4507042253521127,,20.0,14.0,20.0,2.5
H4_bb_meanrev,1h,short,2.0,,,,14,1.5,249,-0.005493445107597793,-0.32399874284082764,-0.07099800726934502,-0.3855875151742809,-0.6948583489149489,-1.1723209296738684,0.321285140562249,0.7730036190318427,-0.147294398709136,-0.014246947557715457,0.0,,20.0,14.0,20.0,2.5
H4_bb_meanrev,1h,both,3.0,,,,14,1.5,385,-0.003438706226011534,-0.2609110199024378,-0.05527681805224205,-0.37063056990937626,-0.30292214799362793,-0.8916905503610624,0.2623376623376623,0.8954426426992698,-0.06308014540255956,-0.009277988663623565,0.44675324675324674,,20.0,14.0,20.0,2.5
H4_bb_meanrev,1h,short,3.0,,,,14,1.5,238,-0.003319337432766854,-0.22408658985128804,-0.04659778909763934,-0.33930007825923203,-0.3413697622020459,-0.7377316839885433,0.25630252100840334,0.8542130432817192,-0.09143499204804913,-0.009782896160226682,0.0,,20.0,14.0,20.0,2.5
H4_bb_meanrev,1h,both,2.0,,,,14,1.5,647,-0.012503632545546097,-0.5776921398333764,-0.14966785790254433,-0.6009658818963098,-0.9890766657995927,-2.5830618936056324,0.32921174652241114,0.8078367110063988,-0.12319396687356071,-0.02080589418169909,0.4760432766615147,,20.0,14.0,25.0,2.5
H4_bb_meanrev,1h,short,2.0,,,,14,1.5,371,-0.011798405556444904,-0.547362138462832,-0.13850280790894443,-0.5805909462781362,-1.1945341050644747,-2.231922163374412,0.3045822102425876,0.7096008667640015,-0.20394324897419702,-0.02032137364882847,0.0,,20.0,14.0,25.0,2.5
H4_bb_meanrev,1h,both,3.0,,,,14,1.5,567,-0.0015688353199322432,-0.13953883023405744,-0.027870092860032503,-0.32141387341260597,-0.0627226558416389,-0.2050118709799594,0.2768959435626102,0.9653393413018079,-0.010684991223298834,-0.004881044191637289,0.47795414462081126,,20.0,14.0,25.0,2.5
H4_bb_meanrev,1h,short,3.0,,,,14,1.5,351,-0.007646885970535967,-0.40791446041683,-0.0938705875161302,-0.5050138130070667,-0.6189673209862554,-1.3426261364987688,0.24786324786324787,0.8040739303853597,-0.13457281775098862,-0.015141934286912193,0.0,,20.0,14.0,25.0,2.5
H4_bb_meanrev,4h,both,2.0,,,,14,1.0,54,0.00041187973209841485,0.008069030968332003,0.0015126705141639274,-0.08678304567145789,0.05535543841516305,0.0505599142027484,0.37037037037037035,1.0208004391911882,0.025422772426468714,0.004746085239479883,0.46296296296296297,,20.0,14.0,15.0,2.0
H4_bb_meanrev,4h,short,2.0,,,,14,1.0,29,0.0004391962025894274,0.013309683135670047,0.0024898578959091644,-0.053027328937692575,0.09041544447207862,0.06280364251250546,0.3793103448275862,1.0666257961253558,0.05619172356062495,0.008282450038271503,0.0,,20.0,14.0,15.0,2.0
H4_bb_meanrev,4h,both,3.0,,,,14,1.0,52,5.1600915389191226e-05,-0.017202546998426826,-0.0032582755116731255,-0.11355448217460917,-0.02984271950484068,-0.033504662357422284,0.2692307692307692,0.95967062635044,-0.017680236723391567,0.0004544154876233429,0.4807692307692308,,20.0,14.0,15.0,2.0
H4_bb_meanrev,4h,short,3.0,,,,14,1.0,28,0.0010851495659271156,0.05253476523485112,0.009676424629488922,-0.053027328937692575,0.24618110820016254,0.22172670947808693,0.32142857142857145,1.2460716502324365,0.20034355942899232,0.02046396806450826,0.0,,20.0,14.0,15.0,2.0
H4_bb_meanrev,4h,both,2.0,,,,14,1.0,200,-0.00516016212866202,-0.3170929950972292,-0.06922043562807367,-0.33748110664608266,-0.793779259466754,-1.452927335917246,0.305,0.7387805865121037,-0.18110614444333986,-0.015290225221625504,0.485,,20.0,14.0,20.0,2.0
H4_bb_meanrev,4h,short,2.0,,,,14,1.0,107,-0.0012452884261349197,-0.10439475593597403,-0.020523255941317542,-0.15833942256495237,-0.2912908198202139,-0.3521641179539841,0.3364485981308411,0.8551947180539082,-0.09313593971760704,-0.007864677071334463,0.0,,20.0,14.0,20.0,2.0
H4_bb_meanrev,4h,both,3.0,,,,14,1.0,190,-0.0017300071497239264,-0.15748291043704699,-0.031715683493391045,-0.2379127493263693,-0.2649467996426288,-0.5795870137315074,0.2578947368421053,0.8823225027021273,-0.07529364154058578,-0.007271603369816463,0.49473684210526314,,20.0,14.0,20.0,2.0
H4_bb_meanrev,4h,short,3.0,,,,14,1.0,106,-9.105523128379381e-05,-0.039638017350238086,-0.007578008344842901,-0.1592283817736878,-0.05591948898989631,-0.08824637624843658,0.27358490566037735,0.9506122306921055,-0.02285027070624831,-0.0005718530218639735,0.0,,20.0,14.0,20.0,2.0
H4_bb_meanrev,4h,both,2.0,,,,14,1.0,341,-0.013423540296469385,-0.6037085713978995,-0.15977638719216114,-0.6110623581819193,-1.5165312665881003,-2.5744545786752018,0.2756598240469208,0.6257476936099019,-0.2621785206189034,-0.02196754572873406,0.4809384164222874,,20.0,14.0,25.0,2.0
H4_bb_meanrev,4h,short,2.0,,,,14,1.0,183,-0.006584851906854617,-0.3681441423532581,-0.0827232702964974,-0.38196421352493304,-1.001771554605994,-1.3512840256611762,0.28415300546448086,0.6644167404022847,-0.24152676629115064,-0.017239447240584974,0.0,,20.0,14.0,25.0,2.0
H4_bb_meanrev,4h,both,3.0,,,,14,1.0,316,-0.011872659060957224,-0.5658402464623953,-0.14522977931173475,-0.6080401195390701,-1.1879217290692734,-2.2437616870961725,0.2120253164556962,0.6657001161457806,-0.2507006050575471,-0.01952611131968955,0.48417721518987344,,20.0,14.0,25.0,2.0
H4_bb_meanrev,4h,short,3.0,,,,14,1.0,178,-0.0048310099352930885,-0.29826229612011435,-0.06444641723126854,-0.3490709654152111,-0.6197017155816037,-1.0307447749938914,0.2303370786516854,0.7414598289164578,-0.1850535105739808,-0.01383962120581047,0.0,,20.0,14.0,25.0,2.0
H4_bb_meanrev,4h,both,2.0,,,,14,1.5,51,0.00011273721838433651,-0.008839668111199517,-0.0016685568226806335,-0.11431770213422876,-0.01546182056768611,-0.09411839107821511,0.35294117647058826,0.9746309370227264,-0.0071540176457288605,0.0009861746368201446,0.49019607843137253,,20.0,14.0,15.0,2.0
H4_bb_meanrev,4h,short,2.0,,,,14,1.5,27,0.0008842119657292424,0.04187253797421775,0.00774477662317774,-0.056840678872166484,0.2515653174864144,1.5292810174490166,0.4074074074074074,1.2432796333154776,0.16286728873219777,0.015555971238799187,0.0,,20.0,14.0,15.0,2.0
H4_bb_meanrev,4h,both,3.0,,,,14,1.5,50,0.0018334887465087388,0.09933860824971297,0.0179723455799643,-0.08230678155494509,0.33865127569304143,2.2915592403498892,0.32,1.2565691773023664,0.2068027720243106,0.022276277991562177,0.5,,20.0,14.0,15.0,2.0
H4_bb_meanrev,4h,short,3.0,,,,14,1.5,26,0.0015066342197169432,0.08012476259591961,0.01460208846411426,-0.051940053096408256,0.3674612744891836,2.632523344296612,0.34615384615384615,1.4305571640650632,0.31466911047573415,0.0290071751933024,0.0,,20.0,14.0,15.0,2.0
H4_bb_meanrev,4h,both,2.0,,,,14,1.5,169,-0.0014358184550057902,-0.09358152329568059,-0.018309877794306706,-0.19419459267077843,-0.19603221401141727,-0.45593371774737274,0.3431952662721893,0.9114139057383648,-0.0481820549281323,-0.007393709759158737,0.5029585798816568,,20.0,14.0,20.0,2.0
H4_bb_meanrev,4h,short,2.0,,,,14,1.5,96,0.0009161321372092683,0.02875177415555119,0.005345569835005337,-0.12837197754729335,0.11715590124470364,0.22440719302053014,0.375,1.0465774556049743,0.03981776170788976,0.0071365429956998,0.0,,20.0,14.0,20.0,2.0
H4_bb_meanrev,4h,both,3.0,,,,14,1.5,141,-0.0006353662584986427,-0.031601661336351006,-0.006021357637518099,-0.20581942644156148,-0.02181277560252012,-0.056758657094844296,0.2695035460992908,0.9705662972415148,-0.007476861855569408,-0.0030870082065797754,0.524822695035461,,20.0,14.0,20.0,2.0
H4_bb_meanrev,4h,short,3.0,,,,14,1.5,89,0.0011873956348677616,0.039393254493268914,0.0072933126518717195,-0.14665621706790333,0.13499912307560324,0.31158281242066704,0.29213483146067415,1.0586192240852526,0.059254080604903885,0.00809645617899707,0.0,,20.0,14.0,20.0,2.0
H4_bb_meanrev,4h,both,2.0,,,,14,1.5,268,-0.00910249709467771,-0.445698291907508,-0.1050392934708041,-0.48912811198916606,-1.0983560009563142,-1.791440310888611,0.2873134328358209,0.6830811650930405,-0.2108861540765814,-0.018609637989646616,0.48134328358208955,,20.0,14.0,25.0,2.0
H4_bb_meanrev,4h,short,2.0,,,,14,1.5,157,-0.003200111108185676,-0.2123178581084444,-0.04389460552209867,-0.2879976295112904,-0.5440736605292323,-0.8440037593404535,0.31210191082802546,0.7708732453294467,-0.14244218162670497,-0.011111588361390392,0.0,,20.0,14.0,25.0,2.0
H4_bb_meanrev,4h,both,3.0,,,,14,1.5,226,-0.005607512039191924,-0.2973731789110481,-0.06422358880176493,-0.3617952382028897,-0.5449173468178564,-0.9783974866101668,0.2345132743362832,0.8003696464219932,-0.1420885325857466,-0.015499131683008248,0.4911504424778761,,20.0,14.0,25.0,2.0
H4_bb_meanrev,4h,short,3.0,,,,14,1.5,142,-0.004042350551871599,-0.25832938207245837,-0.05465705000272292,-0.3062623495990936,-0.6007916366863812,-1.065251998768289,0.22535211267605634,0.7334921236637586,-0.19682736363708886,-0.013198979754328778,0.0,,20.0,14.0,25.0,2.0
H4_bb_meanrev,4h,both,2.0,,,,14,1.0,26,-0.0001791668288790778,-0.013742809116896959,-0.0025992791210281974,-0.0531545945447931,-0.0669430149396704,-0.34131238693724614,0.34615384615384615,0.9266507024475928,-0.04308956477681751,-0.003370674358697156,0.46153846153846156,,20.0,14.0,15.0,2.5
H4_bb_meanrev,4h,short,2.0,,,,14,1.0,14,-2.9094866995077998e-05,-0.003031735004411562,-0.0005709096741303155,-0.04526432472862607,-0.013068211155435345,-0.04364734149496611,0.35714285714285715,0.9693972644717199,-0.011390692068960515,-0.00064277700307054,0.0,,20.0,14.0,15.0,2.5
H4_bb_meanrev,4h,both,3.0,,,,14,1.0,26,-0.0006924590004862326,-0.04604499466103973,-0.008826641830001924,-0.08167710219549351,-0.21814721186656622,-1.0013693920846256,0.23076923076923078,0.7872704019767244,-0.16703913955784658,-0.008478006465371866,0.46153846153846156,,20.0,14.0,15.0,2.5
H4_bb_meanrev,4h,short,3.0,,,,14,1.0,14,0.00012109202365740405,0.005573097695157125,0.0010458207912462658,-0.04687827722560889,0.05094328700745996,0.2028953433864312,0.2857142857142857,1.0503020681240105,0.055910054992737664,0.002583115908347701,0.0,,20.0,14.0,15.0,2.5
H4_bb_meanrev,4h,both,2.0,,,,14,1.0,112,-0.0022914704054808038,-0.1551145487094422,-0.03120433360789321,-0.15681687610080552,-0.4555376389686346,-0.7371851809193338,0.32142857142857145,0.7983741130002615,-0.14076496416589582,-0.014612396716841837,0.4642857142857143,,20.0,14.0,20.0,2.5
H4_bb_meanrev,4h,short,2.0,,,,14,1.0,60,-0.0009535648866236812,-0.07557853331466757,-0.0146719243186898,-0.12266833855069881,-0.28617831450290476,-0.3116808268916607,0.3333333333333333,0.8251769061524779,-0.12121016533808326,-0.00777352084400795,0.0,,20.0,14.0,20.0,2.5
H4_bb_meanrev,4h,both,3.0,,,,14,1.0,106,-0.0008928490201029968,-0.08089446902049036,-0.01574011247728524,-0.12976745813661694,-0.16612521043869427,-0.3233805214611225,0.2641509433962264,0.9020612685023177,-0.06462661460424507,-0.006880376890506869,0.46226415094339623,,20.0,14.0,20.0,2.5
H4_bb_meanrev,4h,short,3.0,,,,14,1.0,59,0.0008707505481534445,0.03654031813028524,0.006772725313557881,-0.09416166059570086,0.14113559238212608,0.19826543021407164,0.3050847457627119,1.0775260790917887,0.07696318250042622,0.009247400084543543,0.0,,20.0,14.0,20.0,2.5
H4_bb_meanrev,4h,both,2.0,,,,14,1.0,175,-0.007820583324566944,-0.4083233965839488,-0.09398832753406172,-0.4095155431492441,-1.212245249301069,-1.9662003512126283,0.26857142857142857,0.6283738569097388,-0.29074384615063525,-0.019097158716920314,0.44571428571428573,,20.0,14.0,25.0,2.5
H4_bb_meanrev,4h,short,2.0,,,,14,1.0,97,-0.004926237373483296,-0.284142473740976,-0.060934495093335594,-0.2855848276996138,-1.046141312639105,-1.2698654356174195,0.25773195876288657,0.588609482825532,-0.3356538130507936,-0.0172496466747346,0.0,,20.0,14.0,25.0,2.5
H4_bb_meanrev,4h,both,3.0,,,,14,1.0,168,-0.005843266258452618,-0.33251443106936873,-0.07321039964561016,-0.33385932222070136,-0.7763966376186442,-1.484832804521553,0.22023809523809523,0.7283688005907154,-0.2270974058281642,-0.017502180917356152,0.44642857142857145,,20.0,14.0,25.0,2.5
H4_bb_meanrev,4h,short,3.0,,,,14,1.0,96,-0.002342182678721331,-0.15742920613552758,-0.03170407534336672,-0.19135662835245892,-0.4069632624225921,-0.6191629104741857,0.23958333333333334,0.7943674950835746,-0.16435151010792878,-0.012239882667702918,0.0,,20.0,14.0,25.0,2.5
H4_bb_meanrev,4h,both,2.0,,,,14,1.5,26,-9.504674186779105e-05,-0.008743660235147388,-0.0016503697994589839,-0.0955225139050433,-0.036787059204480055,-0.1946337424325347,0.34615384615384615,0.9513319319967657,-0.02366757907963113,-0.0009950192680468482,0.46153846153846156,,20.0,14.0,15.0,2.5
H4_bb_meanrev,4h,short,2.0,,,,14,1.5,14,0.0005130756132198754,0.030326179906874584,0.005634766169082317,-0.043889311139930665,0.24699574380085174,1.0230174632189712,0.42857142857142855,1.3476401066216221,0.22458420852220096,0.011690217957261972,0.0,,20.0,14.0,15.0,2.5
H4_bb_meanrev,4h,both,3.0,,,,14,1.5,25,0.00019244934543068777,0.007690162594044203,0.0014418658608206236,-0.07786348612790206,0.056487303608454414,0.34643253908081006,0.28,1.040368548720148,0.046344913581650854,0.00247162508386231,0.48,,20.0,14.0,15.0,2.5
H4_bb_meanrev,4h,short,3.0,,,,14,1.5,13,0.0003259862317738782,0.01735485539095105,0.003241330436786205,-0.04521056559078962,0.1289322537662795,0.5688198833544629,0.3076923076923077,1.1777587354373251,0.14894649691327014,0.007210399328432394,0.0,,20.0,14.0,15.0,2.5
H4_bb_meanrev,4h,both,2.0,,,,14,1.5,102,0.00018853681196264946,-0.006776200678735189,-0.0012779833759742898,-0.11875596562722968,0.009834169718522004,0.022956489263021344,0.3627450980392157,0.9899484444496626,0.0034427460759300084,0.0015875986605545286,0.4803921568627451,,20.0,14.0,20.0,2.5
H4_bb_meanrev,4h,short,2.0,,,,14,1.5,56,0.001779142226388421,0.10137519113911941,0.018326768022998152,-0.07114190601275006,0.3975917255018478,0.44013069328014676,0.42857142857142855,1.282500173992457,0.18333318459290449,0.025008357606690537,0.0,,20.0,14.0,20.0,2.5
H4_bb_meanrev,4h,both,3.0,,,,14,1.5,90,0.0014902655329724086,0.07173989052779461,0.013116042670590966,-0.19688868702766027,0.21149396590404743,0.5875796516926256,0.3,1.1054605204720651,0.0930707430982099,0.007569076494288602,0.4666666666666667,,20.0,14.0,20.0,2.5
H4_bb_meanrev,4h,short,3.0,,,,14,1.5,52,0.0022179652642095714,0.12699347621110002,0.022740233447647862,-0.11350356769946723,0.4081341335571243,0.5653059612599448,0.34615384615384615,1.32049664225022,0.24741162749377577,0.01954092993871577,0.0,,20.0,14.0,20.0,2.5
H4_bb_meanrev,4h,both,2.0,,,,14,1.5,159,-0.005994734025521533,-0.3334713097573171,-0.07346042844918488,-0.34679941175345674,-1.01197705736056,-1.905800026905348,0.27672955974842767,0.6682133149613171,-0.2460672941648142,-0.017285882912002316,0.4528301886792453,,20.0,14.0,25.0,2.5
H4_bb_meanrev,4h,short,2.0,,,,14,1.5,91,-0.0017308341523671403,-0.12081184849366855,-0.023925540098363007,-0.12745709799155724,-0.38343041527292365,-0.4673589991630224,0.31868131868131866,0.8050458672714279,-0.13187276846778598,-0.013579739219245292,0.0,,20.0,14.0,25.0,2.5
H4_bb_meanrev,4h,both,3.0,,,,14,1.5,141,-0.003915042482326207,-0.24363962018863006,-0.05116347952511613,-0.2834164055546675,-0.5713653194018713,-1.4245534616937576,0.22695035460992907,0.761066622698437,-0.1843983194410273,-0.013813746860080914,0.45390070921985815,,20.0,14.0,25.0,2.5
H4_bb_meanrev,4h,short,3.0,,,,14,1.5,84,-0.0012891980342233673,-0.10079389397620686,-0.01978379156363408,-0.1516579605488565,-0.2579946440981501,-0.43422887965013107,0.25,0.8480704347865491,-0.11211075980932754,-0.008500694784221717,0.0,,20.0,14.0,25.0,2.5
