tf,k,mode,stop,rr,direction,n_trades,win_rate,expectancy_R,profit_factor,avg_monthly,max_dd,sharpe,mar,pct_long
4h,2,cont,struct,2.0,both,144,0.4027777777777778,0.14978739234487318,1.2145227712886113,0.003549605214774511,-0.13340355680681704,0.5380013987875679,0.026608025301114935,0.5416666666666666
4h,2,cont,struct,2.0,short,76,0.2894736842105263,-0.20018868026327197,0.7248199690598555,-0.002269942995258048,-0.20037052946165224,-0.5727379043752693,-0.01132872684100223,0.0
4h,2,cont,struct,3.0,both,91,0.34065934065934067,0.27551415881601843,1.3466755584054235,0.004046294327631664,-0.13997924831704955,0.6069723459239735,0.028906387027217824,0.5604395604395604
4h,2,cont,struct,3.0,short,56,0.19642857142857142,-0.3078372705078852,0.6139544996445181,-0.0025497933973452937,-0.22601383656053864,-0.6376482155575887,-0.011281580969324072,0.0
4h,2,cont,atr,2.0,both,233,0.3562231759656652,0.014766325017212102,1.0062362074616038,0.0009128771980752897,-0.154800847322763,0.0679839306852093,0.005897107243682727,0.5321888412017167
4h,2,cont,atr,2.0,short,111,0.27927927927927926,-0.21908185176225095,0.6884092137709776,-0.0036479322139163673,-0.2807929183031853,-0.7464313920309666,-0.012991539230977055,0.0
4h,2,cont,atr,3.0,both,185,0.2810810810810811,0.04824037452190538,1.0402147818756768,0.001726562564089604,-0.19817713743293786,0.16060109864050073,0.00871221870723541,0.5405405405405406
4h,2,cont,atr,3.0,short,94,0.20212765957446807,-0.27912985253645617,0.6501936179631059,-0.003923582180439278,-0.2833819524884702,-0.7349585661090424,-0.013845561250407838,0.0
4h,2,rev,struct,2.0,both,101,0.36633663366336633,0.01985945648217466,1.013955175339971,0.0003846177825345739,-0.1525174717749841,0.06091573394665818,0.0025217949003378307,0.5148514851485149
4h,2,rev,struct,2.0,short,87,0.3333333333333333,-0.055718089429485314,0.9082820270866074,-0.0007316630390549368,-0.2113571060447723,-0.15997288332921927,-0.003461738536957195,0.0
4h,2,rev,struct,3.0,both,71,0.29577464788732394,0.07061833490008564,1.0687093436162718,0.0007410768062780879,-0.1564997233408738,0.14431054537170848,0.004735323427147153,0.5211267605633803
4h,2,rev,struct,3.0,short,72,0.25,-0.06489638168613276,0.9035860303521205,-0.0007440565942296012,-0.22295021745100874,-0.1381471356378311,-0.0033373216798638053,0.0
4h,2,rev,atr,2.0,both,216,0.3194444444444444,-0.10417089836407953,0.8511425340591103,-0.0037784729206175403,-0.33750390979104394,-0.4795263445338585,-0.011195345627127328,0.5231481481481481
4h,2,rev,atr,2.0,short,140,0.3357142857142857,-0.05022694417415941,0.9178180270747532,-0.0010724886281462329,-0.2652802991174352,-0.18558245601499204,-0.004042850644070858,0.0
4h,2,rev,atr,3.0,both,157,0.25477707006369427,-0.05986126435171286,0.9131116668619861,-0.0014023019121187884,-0.27472925612286725,-0.18960679469187933,-0.005104304987058373,0.5414012738853503
4h,2,rev,atr,3.0,short,104,0.2692307692307692,-0.001106155863168372,0.981006910016444,9.971429278459246e-06,-0.25505226042430484,-0.0027635266253770714,3.909563185941101e-05,0.0
4h,2,both,struct,2.0,both,90,0.4888888888888889,0.3809272137728438,1.6752269001787048,0.005197495682855923,-0.04417635815234566,1.0433127160086086,0.11765333088191535,0.6444444444444445
4h,2,both,struct,2.0,short,77,0.24675324675324675,-0.3214415045978674,0.5714913291842775,-0.0038413164888371053,-0.299012103780946,-0.9446999799818221,-0.012846692291932185,0.0
4h,2,both,struct,3.0,both,56,0.39285714285714285,0.45229537114548574,1.6759257552793807,0.004131796247744608,-0.06788655788966724,0.7551055517529885,0.06086324562897735,0.5892857142857143
4h,2,both,struct,3.0,short,71,0.2535211267605634,-0.07288861204559632,0.8818338069631865,-0.0004889367041948714,-0.23841098544843908,-0.15574282148957305,-0.0020508144927768577,0.0
4h,2,both,atr,2.0,both,425,0.3835294117647059,0.09793253086593287,1.1301223157855205,0.006265198957529649,-0.18317428153642767,0.5985292803092582,0.03420348590958549,0.5411764705882353
4h,2,both,atr,2.0,short,265,0.35094339622641507,0.000333780152192822,0.9855682668123796,-1.2011320169945383e-05,-0.2730230209660425,0.0008772255984472306,-4.3993799963993895e-05,0.0
4h,2,both,atr,3.0,both,280,0.30714285714285716,0.154544511732184,1.1643143961165845,0.006941296808087298,-0.20344814415568002,0.617259871616285,0.03411826063537727,0.5428571428571428
4h,2,both,atr,3.0,short,174,0.2988505747126437,0.11404536467317132,1.1333986675315872,0.003473966274213019,-0.23748338884218434,0.36298163743819095,0.014628249542630476,0.0
4h,3,cont,struct,2.0,both,115,0.391304347826087,0.12150045645443748,1.179641040989575,0.0021830694924139978,-0.153720119645532,0.3876569341545852,0.01420158595665945,0.6086956521739131
4h,3,cont,struct,2.0,short,57,0.2631578947368421,-0.2628691078602415,0.6286479329556487,-0.0023354907196989003,-0.20306237996434628,-0.6480228189011777,-0.011501346138605123,0.0
4h,3,cont,struct,3.0,both,104,0.3173076923076923,0.21262679332829715,1.2797079910943159,0.0034257433598890597,-0.1446324822293249,0.5075360286881968,0.023685850557811104,0.6057692307692307
4h,3,cont,struct,3.0,short,53,0.20754716981132076,-0.2223427382338043,0.705520432211548,-0.00184154086368115,-0.16678244991961022,-0.4329559323743529,-0.011041574605534215,0.0
4h,3,cont,atr,2.0,both,197,0.4213197969543147,0.21750660550414452,1.3358130955481344,0.006742342451416552,-0.1020675908564167,0.8945067862839873,0.06605762313819402,0.5939086294416244
4h,3,cont,atr,2.0,short,82,0.32926829268292684,-0.05336219436217953,0.9045447731356038,-0.0006379437842740452,-0.15050949771968103,-0.14890481985383594,-0.004238561645207231,0.0
4h,3,cont,atr,3.0,both,152,0.3157894736842105,0.20085416077728882,1.2574418360008548,0.004831763023230913,-0.18207079557653238,0.5838197712056379,0.02653782561849635,0.5657894736842105
4h,3,cont,atr,3.0,short,71,0.19718309859154928,-0.26822231844600264,0.652690065934817,-0.002961682167338848,-0.2295410300366736,-0.6262751683806679,-0.012902626457961185,0.0
4h,3,rev,struct,2.0,both,84,0.2857142857142857,-0.22433015907942921,0.7149879940784891,-0.0029224635153258342,-0.2519744683071157,-0.6629483230271808,-0.01159825253312502,0.5238095238095238
4h,3,rev,struct,2.0,short,61,0.2786885245901639,-0.25564432923867225,0.6572765650832775,-0.0024384171120794915,-0.19641920258281642,-0.6508667640751848,-0.012414351957525025,0.0
4h,3,rev,struct,3.0,both,82,0.23170731707317074,-0.17368398837713586,0.7958812552720571,-0.002180452345451906,-0.2960172323654714,-0.41417324216142465,-0.007365964231298051,0.5365853658536586
4h,3,rev,struct,3.0,short,50,0.2,-0.28675840768049765,0.6470393361580813,-0.002235686593801656,-0.22906606189040413,-0.5563709509118515,-0.00976000798787606,0.0
4h,3,rev,atr,2.0,both,183,0.3551912568306011,0.000505716000532233,0.9869328086299407,0.00015881158473964735,-0.22885314434227555,0.0007336249371195401,0.0006939453910326302,0.5191256830601093
4h,3,rev,atr,2.0,short,108,0.3888888888888889,0.10983329031682149,1.1477224945130207,0.0018997643272674666,-0.13018195261709997,0.344721538526152,0.014593146661850916,0.0
4h,3,rev,atr,3.0,both,148,0.2635135135135135,-0.03173352553271763,0.9470141812399188,-0.0006607003341399988,-0.2975833538312538,-0.09592136711137535,-0.0022202193961247322,0.5405405405405406
4h,3,rev,atr,3.0,short,81,0.2962962962962963,0.07939331929415487,1.077755897230773,0.0011032740677999978,-0.20147479974777271,0.17171368144375207,0.005475990392749823,0.0
4h,3,both,struct,2.0,both,117,0.4700854700854701,0.3354743606216413,1.599018782326597,0.005959365628901739,-0.07147178789723507,1.0392330608784461,0.08338067095047835,0.5811965811965812
4h,3,both,struct,2.0,short,88,0.32954545454545453,-0.0781874095944558,0.8758827347668833,-0.001180884468059253,-0.18309348450364982,-0.23428576735627704,-0.006449625836006813,0.0
4h,3,both,struct,3.0,both,35,0.34285714285714286,0.22306540674310377,1.2932806074759624,0.0013920086321427844,-0.06009209275905725,0.30531604568393994,0.02316458902045772,0.5714285714285714
4h,3,both,struct,3.0,short,54,0.2222222222222222,-0.22269307666239221,0.6896453597491846,-0.0016819175633392986,-0.26245670689874767,-0.44019087360950626,-0.00640836190933448,0.0
4h,3,both,atr,2.0,both,408,0.3872549019607843,0.10878882591098112,1.1384814677143527,0.006691993927557418,-0.1641410145808483,0.6541794172112239,0.04076978532541756,0.5465686274509803
4h,3,both,atr,2.0,short,231,0.36796536796536794,0.049331138609363834,1.05758376377178,0.001667778831086257,-0.20238320614136185,0.22678111008491983,0.008240697748020342,0.0
4h,3,both,atr,3.0,both,287,0.30662020905923343,0.1524262267998446,1.164613272048166,0.00693084341021695,-0.20625515850130505,0.6096320578167748,0.03360324881364408,0.5365853658536586
4h,3,both,atr,3.0,short,151,0.2913907284768212,0.07953864877497016,1.083294659492734,0.002170814726514909,-0.241013251165612,0.2374744478955544,0.009007034741933073,0.0
1h,2,cont,struct,2.0,both,602,0.3687707641196013,0.03619558307145524,1.026115534826767,0.0034639713380133393,-0.3890462474908506,0.26440377567392936,0.008903752086941292,0.5581395348837209
1h,2,cont,struct,2.0,short,337,0.34421364985163205,-0.039570852905950596,0.9366490241922747,-0.0022417544306442185,-0.351404028339244,-0.22389333575076575,-0.0063794215485772346,0.0
1h,2,cont,struct,3.0,both,432,0.2962962962962963,0.10282683817745682,1.0931185291279644,0.006475598188638717,-0.27044018173090445,0.5081642374751465,0.023944659951020585,0.5509259259259259
1h,2,cont,struct,3.0,short,272,0.25,-0.08443680576296443,0.8846136537801076,-0.004019061271699277,-0.3846866982919397,-0.35349603963875237,-0.010447622154715631,0.0
1h,2,cont,atr,2.0,both,928,0.35129310344827586,-0.02113696261122574,0.9648959661291356,-0.003586194447295023,-0.46992406019601596,-0.19726623518308875,-0.007631433993397019,0.5538793103448276
1h,2,cont,atr,2.0,short,465,0.34838709677419355,-0.02744736489304885,0.949999089265592,-0.0028187801466311307,-0.3855046136364344,-0.18058456643423185,-0.007311923247926404,0.0
1h,2,cont,atr,3.0,both,768,0.2721354166666667,0.006605137335821308,0.9898187915121117,0.0009514110309536469,-0.39770233408562117,0.041735701596389625,0.002392269165684147,0.5390625
1h,2,cont,atr,3.0,short,403,0.2630272952853598,-0.028496001698140372,0.9478333020382604,-0.0022273443827141234,-0.3993228084479552,-0.1494688794809295,-0.005577804061258422,0.0
1h,2,rev,struct,2.0,both,493,0.3286004056795132,-0.08413863310479325,0.8640972792773635,-0.006607570165348924,-0.47159088215194234,-0.5766107019535471,-0.014011233922075754,0.460446247464503
1h,2,rev,struct,2.0,short,435,0.31494252873563217,-0.12569215419533447,0.8181877568647936,-0.008523725890302716,-0.5263172590137464,-0.8144198389161301,-0.016195033972997822,0.0
1h,2,rev,struct,3.0,both,359,0.22284122562674094,-0.1815607604904801,0.748900840727605,-0.009466065026831547,-0.5730479989899564,-0.8924183783443354,-0.01651879954823375,0.4568245125348189
1h,2,rev,struct,3.0,short,358,0.24581005586592178,-0.09389586241979245,0.8661081324243125,-0.005562004352171119,-0.42317082622013924,-0.4479631841453017,-0.013143638473030484,0.0
1h,2,rev,atr,2.0,both,803,0.30635118306351183,-0.15805118920684375,0.7773974577076523,-0.019311317598317716,-0.7617132709148846,-1.4084275013978804,-0.02535247623442759,0.49564134495641343
1h,2,rev,atr,2.0,short,529,0.32892249527410206,-0.08927711789684377,0.8644458604904806,-0.007460469821936613,-0.457911201207025,-0.6233673913540261,-0.016292394250831354,0.0
1h,2,rev,atr,3.0,both,669,0.2242152466367713,-0.18521407162701498,0.7824719735387058,-0.01970328685808502,-0.7837557325346388,-1.246980610317825,-0.025139576069657922,0.4947683109118087
1h,2,rev,atr,3.0,short,472,0.2542372881355932,-0.06526242375747612,0.9049113375304126,-0.005091546137097282,-0.5053925523749627,-0.3474029777044059,-0.01007443840074585,0.0
1h,2,both,struct,2.0,both,515,0.37475728155339805,0.06220064682955713,1.0614546677598384,0.0044819873688773815,-0.2605096664752081,0.4161432889936449,0.01720468737118405,0.5262135922330097
1h,2,both,struct,2.0,short,547,0.3162705667276051,-0.12445515000665093,0.8289696356259548,-0.009852133181526144,-0.6019046287271094,-0.9008601665133233,-0.016368262863106987,0.0
1h,2,both,struct,3.0,both,319,0.2946708463949843,0.10023504646844889,1.0999409902044808,0.004267305183791344,-0.25762762498528513,0.43364021248031437,0.01656384940875451,0.5266457680250783
1h,2,both,struct,3.0,short,400,0.2125,-0.2350647995392386,0.7284179420173728,-0.014210152695503573,-0.6476607395506406,-1.2792109853940192,-0.021940735060400368,0.0
1h,2,both,atr,2.0,both,1490,0.3429530201342282,-0.04515261894392612,0.9481045757587385,-0.01174683548370056,-0.7258246250720657,-0.5094332638748826,-0.016184123654573224,0.5154362416107383
1h,2,both,atr,2.0,short,1012,0.3359683794466403,-0.06516597809694817,0.8933803710029606,-0.010657398118761329,-0.6139486761086516,-0.6189216341927264,-0.01735877693606309,0.0
1h,2,both,atr,3.0,both,1020,0.2833333333333333,0.05455830715599339,1.046238199868759,0.0072617793930466554,-0.3291982788614135,0.4151603553700077,0.022058983473919474,0.515686274509804
1h,2,both,atr,3.0,short,781,0.25224071702944945,-0.06882989746805364,0.8868282244545422,-0.008325931756823945,-0.6530730337119681,-0.4999214859388852,-0.01274885246677636,0.0
1h,3,cont,struct,2.0,both,492,0.3638211382113821,0.02907711914071166,1.0253789965737614,0.002164391496388805,-0.28428229589562437,0.19496585548290152,0.007613528973269133,0.556910569105691
1h,3,cont,struct,2.0,short,268,0.3358208955223881,-0.054231052301100945,0.9096032015995009,-0.002171056812025042,-0.2743332594397129,-0.2720267351432477,-0.00791393947806081,0.0
1h,3,cont,struct,3.0,both,375,0.296,0.10424098743043968,1.100692726155744,0.005756227074501002,-0.2827890177328626,0.47948477843647097,0.02035520021480692,0.56
1h,3,cont,struct,3.0,short,224,0.2544642857142857,-0.05505231278760353,0.9135420867175252,-0.0018562267314985934,-0.3253363836051104,-0.20370983663752476,-0.0057055614589718315,0.0
1h,3,cont,atr,2.0,both,794,0.34886649874055414,-0.02724862441663097,0.9551246888019937,-0.003638903620819426,-0.4720267819614826,-0.23683143772943194,-0.007709104143833009,0.5541561712846348
1h,3,cont,atr,2.0,short,381,0.33858267716535434,-0.05402899533782116,0.9191438474626819,-0.0035888494442312454,-0.39703620390178473,-0.3216519824094888,-0.009039098724405049,0.0
1h,3,cont,atr,3.0,both,682,0.2565982404692082,-0.053793237620867136,0.9263198284255001,-0.005861229513637666,-0.500087752178151,-0.36449429938751937,-0.011720402045658707,0.5542521994134897
1h,3,cont,atr,3.0,short,330,0.23939393939393938,-0.11881380531790839,0.8458168028795258,-0.006372503594303537,-0.42514430450056795,-0.5576871018340293,-0.014989036726693404,0.0
1h,3,rev,struct,2.0,both,411,0.3284671532846715,-0.07750425241550918,0.8738666302633241,-0.004282622922086579,-0.32668246290163205,-0.48045621197567984,-0.013109436252095746,0.45985401459854014
1h,3,rev,struct,2.0,short,333,0.32732732732732733,-0.07983103324272248,0.880132259867372,-0.003950280728243102,-0.39215311529911445,-0.44632759158018115,-0.01007331211746215,0.0
1h,3,rev,struct,3.0,both,298,0.2550335570469799,-0.052158985383412605,0.9148515199232984,-0.0018981168142008786,-0.2710626166715411,-0.22753285416028382,-0.007002503102450727,0.4697986577181208
1h,3,rev,struct,3.0,short,275,0.24727272727272728,-0.08110195011569742,0.8913146770313556,-0.003366778580742358,-0.44829394774825604,-0.3392145638228269,-0.007510203065763908,0.0
1h,3,rev,atr,2.0,both,693,0.32756132756132755,-0.09645945464912231,0.8365478604077641,-0.009961658577578816,-0.5396422640437313,-0.7794030289537147,-0.018459744985377106,0.4862914862914863
1h,3,rev,atr,2.0,short,419,0.3341288782816229,-0.0727220685317124,0.882275246545695,-0.004555646652291967,-0.4236494431104242,-0.4474683557659899,-0.010753340353393403,0.0
1h,3,rev,atr,3.0,both,570,0.25263157894736843,-0.07535401875812855,0.8719636542788327,-0.005929233880825816,-0.5632020071944474,-0.44194507233737157,-0.01052772150149445,0.4824561403508772
1h,3,rev,atr,3.0,short,376,0.26861702127659576,-0.00764498558730537,0.9687366422683759,-0.00024650324937458903,-0.45310283204692614,-0.036429015058963135,-0.0005440337864607733,0.0
1h,3,both,struct,2.0,both,466,0.38412017167381973,0.09553408368522276,1.1140617403762707,0.006714803906799601,-0.18954744570535742,0.6087692787982103,0.035425451827177074,0.5171673819742489
1h,3,both,struct,2.0,short,453,0.31125827814569534,-0.130797951261562,0.8126222610678729,-0.0088787386101398,-0.5447464393950993,-0.8674871392179299,-0.016298846523896484,0.0
1h,3,both,struct,3.0,both,263,0.29277566539923955,0.0897716466485162,1.0951955352138631,0.004193234999692166,-0.23368140186953523,0.35830373922979514,0.017944239319623977,0.5361216730038023
1h,3,both,struct,3.0,short,326,0.2147239263803681,-0.22298276658037422,0.7284811176693169,-0.010650708226185773,-0.5685197707737764,-1.1022661240757026,-0.018734103497737232,0.0
1h,3,both,atr,2.0,both,1420,0.3598591549295775,0.004365793700704336,0.9940909848748583,2.3941468048601158e-05,-0.5658149646472795,0.054229234916373374,4.231324645774596e-05,0.5197183098591549
1h,3,both,atr,2.0,short,926,0.3488120950323974,-0.026219419093132336,0.9483893003261649,-0.003796629378263394,-0.5605598147747183,-0.23640629087823825,-0.006772924633902289,0.0
1h,3,both,atr,3.0,both,1040,0.28942307692307695,0.07406426461535941,1.0504700587718598,0.011757248214858417,-0.4033607261948371,0.5677635628599487,0.029148222549508357,0.5201923076923077
1h,3,both,atr,3.0,short,695,0.260431654676259,-0.04138571945534818,0.9289132979041868,-0.004497448894177089,-0.5936344657635139,-0.2782674477128201,-0.007576124961667468,0.0
