entry_time,exit_time,side,entry,exit,stop,target,qty,notional,bars_held,reason,net,r_mult,equity,year
2023-01-09 00:00:00+00:00,2023-01-11 20:00:00+00:00,L,17132.968349000002,17660.604375456478,16957.08967351451,17660.604375456478,1.1371475219944902,19482.712502475384,17,target,563.656981870421,2.818284909352105,10563.656981870421,2023
2023-01-12 04:00:00+00:00,2023-01-12 12:00:00+00:00,L,18230.147404,17890.810523947912,17896.17937776124,19232.051482716284,0.6326148704018889,11532.66233738879,2,stop,-227.248150189662,-1.075613069317142,10336.40883168076,2023
2023-01-12 20:00:00+00:00,2023-01-14 00:00:00+00:00,L,18891.015604999997,20374.18886281486,18396.62451906171,20374.18886281486,0.4181470550612233,7899.222542346362,7,target,609.2104872037271,2.9469155928532773,10945.619318884486,2023
2023-01-21 00:00:00+00:00,2023-02-09 16:00:00+00:00,L,22672.7998,21914.408248692755,21920.98454405597,24928.245567832095,0.2911784306675289,6601.830264603063,118,stop,-266.2694769360472,-1.2163289676841413,10679.349841948439,2023
2023-02-16 00:00:00+00:00,2023-02-16 20:00:00+00:00,L,24330.166860999998,23620.372466069235,23627.46070428052,26438.285331158437,0.30394923225958403,7395.135538148523,5,stop,-224.87751009334633,-1.05286142612366,10454.472331855091,2023
2023-03-03 04:00:00+00:00,2023-03-10 00:00:00+00:00,S,22312.994093,19984.120877299734,23089.28516490009,19984.120877299734,0.2693441341858076,6009.8740750721245,41,target,609.2518581522916,2.9138336149969177,11063.724190007382,2023
2023-03-10 12:00:00+00:00,2023-03-11 00:00:00+00:00,S,19755.191663999998,20465.78947185686,20459.651576383945,17641.811926848153,0.31410514624080915,6205.207366635933,3,stop,-230.45001804108713,-1.041466752439593,10833.274171966295,2023
2023-03-14 16:00:00+00:00,2023-03-14 16:00:00+00:00,L,25902.438400999996,24479.402164037983,24486.74818849453,30149.509038516393,0.15304582988948887,3964.2601812424095,0,stop,-221.6451271489846,-1.0229830964794777,10611.629044817311,2023
2023-03-17 12:00:00+00:00,2023-06-05 16:00:00+00:00,L,26928.186032999998,25523.782038996324,25531.441471437753,31118.41971768673,0.151948027389465,4091.6847488908925,481,stop,-315.78642129818786,-1.4879262173813785,10295.842623519124,2023
2023-06-15 00:00:00+00:00,2023-06-16 12:00:00+00:00,S,25121.061419999998,25778.7097810655,25770.978487519245,23171.310217442257,0.3168355822018544,7959.246120534243,9,stop,-220.0114914377393,-1.0684482051773012,10075.831132081385,2023
2023-06-20 20:00:00+00:00,2023-06-21 16:00:00+00:00,L,27991.164831,30110.845175866285,27284.60471604457,30110.845175866285,0.2852080359140278,7983.30514439532,5,target,594.2684615604263,2.9489798596776757,10670.099593641811,2023
2023-06-23 16:00:00+00:00,2023-06-26 00:00:00+00:00,L,31247.381402999996,30212.935607890646,30222.00220855321,34323.51898634035,0.20812007209486208,6503.207270368011,14,stop,-226.23674134928228,-1.0601435317627876,10443.862852292528,2023
2023-07-13 20:00:00+00:00,2023-07-14 16:00:00+00:00,L,31615.481799999998,30888.471310829966,30897.740633019872,33768.70530094037,0.2910203101832597,9200.7473200292,5,stop,-222.96996480575024,-1.0674688472991878,10220.892887486778,2023
2023-07-24 12:00:00+00:00,2023-08-02 00:00:00+00:00,S,29261.209003000004,29794.399868578148,29785.464229309357,27688.443324071948,0.38992049576462,11409.545121121924,51,stop,-248.5098828467015,-1.2156955638922058,9972.383004640076,2023
2023-08-17 04:00:00+00:00,2023-08-17 20:00:00+00:00,S,28648.70281,27474.09333675119,29040.239301082936,27474.09333675119,0.509397373259276,14593.573958699639,4,target,581.1298630181049,2.913696068170012,10553.51286765818,2023
2023-09-11 16:00:00+00:00,2023-09-12 00:00:00+00:00,S,25108.445206,25567.7505773613,25560.082552595522,23753.533166213434,0.4673445607282653,11734.295295367789,2,stop,-227.66891877739394,-1.0786404566535273,10325.843948880787,2023
2023-09-14 16:00:00+00:00,2023-09-25 00:00:00+00:00,L,26701.978191000002,26046.3935719063,26054.209834856756,28645.28325942974,0.31881285496438655,8512.933900269496,62,stop,-243.8073286730656,-1.1805685321222181,10082.036620207722,2023
2023-10-02 00:00:00+00:00,2023-10-02 20:00:00+00:00,L,28000.977774,27498.806254366795,27507.058371878356,29482.73598036493,0.40824622709292546,11431.293531148362,5,stop,-219.19624034359018,-1.0870633017948412,9862.840379864132,2023
2023-10-23 04:00:00+00:00,2023-10-23 20:00:00+00:00,L,30745.901004,32995.868226931874,29995.911929689373,32995.868226931874,0.26301290825949303,8086.568840120506,4,target,581.7706549723069,2.9493058417534748,10444.611034836438,2023
2023-11-02 00:00:00+00:00,2023-11-02 16:00:00+00:00,L,35432.056429,34524.402022167604,34534.762450902876,38123.93836329135,0.23280243241988996,8248.668922309998,4,stop,-221.09690433713183,-1.058425745102887,10223.514130499307,2023
2023-11-09 04:00:00+00:00,2023-11-14 16:00:00+00:00,L,36449.31151399999,35508.07756812645,35518.73318808287,39241.04649175136,0.2197238823593626,8008.784235181895,33,stop,-227.93144923059143,-1.1147412050354328,9995.582681268716,2023
2023-11-24 16:00:00+00:00,2023-11-26 16:00:00+00:00,L,38232.566329999994,37216.499140539636,37227.66744077187,41247.262997684375,0.1989370828929154,7605.875217200095,12,stop,-214.20177632061979,-1.071482189437663,9781.380904948095,2023
2023-12-01 12:00:00+00:00,2023-12-04 04:00:00+00:00,L,38591.744050999994,41037.42887818937,37776.5157752702,41037.42887818937,0.23996667427149318,9260.73247425515,16,target,569.9200944160783,2.9132905668144136,10351.300999364174,2023
2023-12-05 20:00:00+00:00,2023-12-11 00:00:00+00:00,L,43827.514311,42530.025402512496,42542.78823898419,47681.69252704743,0.16114409483606676,7062.545122560857,31,stop,-226.9876244427261,-1.0964207516362858,10124.313374921447,2023
2024-01-02 04:00:00+00:00,2024-01-03 08:00:00+00:00,L,45416.000713999994,44248.38179501495,44261.66029310288,48879.02197669133,0.175412957766015,7966.555015146188,7,stop,-215.4679296491091,-1.0641113212814834,9908.845445272338,2024
2024-01-08 20:00:00+00:00,2024-01-09 20:00:00+00:00,L,46993.453808,45324.40670968032,45338.00811211395,51959.79089565814,0.11971211704372836,5625.685842552338,6,stop,-207.0186506000659,-1.0446153981483164,9701.826794672272,2024
2024-01-18 20:00:00+00:00,2024-01-28 04:00:00+00:00,S,41010.023301,42319.538437432566,42306.84638351751,37119.55405344746,0.14962452358325032,6136.10519855012,56,stop,-219.35074595747489,-1.1304610492424514,9482.476048714796,2024
2024-02-08 00:00:00+00:00,2024-02-09 08:00:00+00:00,L,44362.904879999995,47147.20356567863,43434.805318107115,47147.20356567863,0.20434178482694418,9065.195163287151,8,target,555.9728154128242,2.931580383417777,10038.44886412762,2024
2024-02-11 04:00:00+00:00,2024-02-15 00:00:00+00:00,L,48534.15588,52160.62399528121,47325.33317490626,52160.62399528121,0.16608637183645875,8060.86186025433,23,target,584.6749253821864,2.9121776346917563,10623.123789509807,2024
2024-02-26 20:00:00+00:00,2024-02-28 04:00:00+00:00,L,54503.44613,58324.38710075001,53229.79913974999,58324.38710075001,0.16681425655353038,9091.951845781343,8,target,624.3400010728095,2.9385895026909923,11247.463790582617,2024
2024-02-28 12:00:00+00:00,2024-03-04 04:00:00+00:00,L,58958.792333,64285.456989223385,57183.237447592204,64285.456989223385,0.12669238087787277,7469.629774351841,28,target,656.5832920627946,2.918805982787626,11904.047082645411,2024
2024-03-04 12:00:00+00:00,2024-03-05 16:00:00+00:00,L,65249.55899699999,63131.44955970921,63150.39467811264,71547.05195366204,0.11341701052688506,7400.409919637356,7,stop,-250.1000789176406,-1.050483407791014,11653.94700372777,2024
2024-03-11 08:00:00+00:00,2024-03-15 00:00:00+00:00,L,71041.29599700001,68452.48311074494,68473.02501825041,78746.10893324879,0.0907532507290309,6447.228547731041,22,stop,-248.36489331460888,-1.0655827301907412,11405.582110413161,2024
2024-03-20 00:00:00+00:00,2024-03-20 16:00:00+00:00,S,61918.828777,65702.14600789365,65682.441275511,50627.99128146701,0.06060975785857639,3752.8852190606217,4,stop,-233.92405650014982,-1.0254805683551211,11171.658053913012,2024
2024-04-08 12:00:00+00:00,2024-04-09 04:00:00+00:00,L,72425.7212,70253.13330109892,70274.21556576865,78880.23810269403,0.10384967509419753,7521.387615082934,4,stop,-234.53540127885486,-1.0496893126652131,10937.122652634156,2024
2024-04-17 16:00:00+00:00,2024-04-18 12:00:00+00:00,S,60286.858515,63691.88608579053,63672.78425051538,50129.08130845385,0.06460344087239336,3894.738499456147,5,stop,-224.95490871142468,-1.0284007771333044,10712.167743922731,2024
2024-04-30 20:00:00+00:00,2024-05-03 12:00:00+00:00,S,59275.162115,61368.620257569004,61350.2151930111,53050.00288096669,0.10324716854173323,6119.992653225965,16,stop,-227.267684269533,-1.0607922210631335,10484.900059653199,2024
2024-05-15 20:00:00+00:00,2024-05-21 00:00:00+00:00,L,66026.031869,71880.37901032984,64074.58282189006,71880.37901032984,0.10745758466182984,7094.997909447742,31,target,610.6872119083113,2.912222379010976,11095.58727156151,2024
2024-06-05 16:00:00+00:00,2024-06-07 16:00:00+00:00,L,71601.48400299999,69962.68712211929,69983.68222678732,76454.88933163801,0.137168686976431,9821.481546255438,12,stop,-240.39359103729993,-1.083284666028627,10855.19368052421,2024
2024-06-11 16:00:00+00:00,2024-06-12 08:00:00+00:00,S,66224.606656,67663.58887139076,67643.29588262597,61968.538976122116,0.15303131195745923,10134.438440434367,4,stop,-232.4807671013726,-1.0708273566711057,10622.712913422836,2024
2024-06-14 20:00:00+00:00,2024-06-24 16:00:00+00:00,S,65500.363994,59889.87087767162,67370.52836610946,59889.87087767162,0.11360191726292919,7440.966931138134,59,target,608.289636814777,2.8631557765537634,11231.002550237614,2024
2024-07-04 12:00:00+00:00,2024-07-13 20:00:00+00:00,S,57744.621415,59733.05105840982,59715.136517454586,51833.07610763624,0.11399052497742986,6582.339709718789,56,stop,-251.78836089936706,-1.120952291538924,10979.214189338247,2024
2024-07-15 20:00:00+00:00,2024-07-27 12:00:00+00:00,L,63361.0026,68954.70987512755,61496.433508290815,68954.70987512755,0.11776677236748559,7461.820770169863,70,target,624.8452814688494,2.8455828927885727,11604.059470807097,2024
2024-08-01 16:00:00+00:00,2024-08-01 20:00:00+00:00,S,62888.567768,65022.638138249764,65003.13719709064,56544.85948072809,0.10975340238222762,6902.234283483294,1,stop,-241.58594079769819,-1.0409544237750066,11362.473530009398,2024
2024-08-03 00:00:00+00:00,2024-08-05 00:00:00+00:00,S,61479.890498,53449.96305961067,64156.53297746311,53449.96305961067,0.0849009430074391,5219.700679274295,12,target,673.7377649196252,2.964749546567559,12036.211294929024,2024
2024-08-23 20:00:00+00:00,2024-08-27 12:00:00+00:00,L,63647.928651999995,61519.49477897859,61537.956165828335,69977.84611051499,0.11408879853943059,7261.515709430079,22,stop,-257.9582311017707,-1.0715923174697468,11778.253063827253,2024
2024-09-04 04:00:00+00:00,2024-09-12 12:00:00+00:00,S,56636.993803,58551.82858687452,58534.26830638261,50945.170292852155,0.12415971482068647,7032.0329988814665,50,stop,-262.47632886102423,-1.1142413371433137,11515.776734966228,2024
2024-09-14 00:00:00+00:00,2024-09-15 20:00:00+00:00,L,60516.139397,58722.85583331054,58740.47797670355,65843.12365788934,0.1297068979855817,7849.360719247919,11,stop,-244.65145674539605,-1.062244702967114,11271.125278220832,2024
2024-09-17 16:00:00+00:00,2024-09-18 08:00:00+00:00,L,61153.830646999995,59415.14450941561,59432.97440173613,66316.3993827916,0.13099438502479413,8010.8084375141725,4,stop,-237.25721240834642,-1.0525001122416675,11033.868065812485,2024
2024-09-19 00:00:00+00:00,2024-10-10 16:00:00+00:00,L,61778.507994,59619.55216444972,59637.44339746896,68201.70178359313,0.10306898805098717,6367.4483022414015,130,stop,-270.1659941690381,-1.2242578602427046,10763.702071643447,2024
2024-10-14 08:00:00+00:00,2024-10-20 20:00:00+00:00,L,64640.256261,69215.26218338597,63115.25428687134,69215.26218338597,0.1411631231204603,9124.820453109649,39,target,618.5809928997833,2.8734583546743213,11382.28306454323,2024
2024-10-28 20:00:00+00:00,2024-11-03 00:00:00+00:00,L,69650.878997,68173.39838746777,68193.8565444311,74021.94635470676,0.15624032484159486,10882.275959993898,31,stop,-258.47643305326926,-1.1354331621678129,11123.80663148996,2024
2024-11-06 04:00:00+00:00,2024-11-11 12:00:00+00:00,L,74370.834559,82485.63049721831,71665.9025795939,82485.63049721831,0.08224832798887828,6116.876793615235,32,target,651.1908040270532,2.9270142209395384,11774.997435517014,2024
2024-11-11 20:00:00+00:00,2024-11-21 00:00:00+00:00,L,86128.040663,95082.5644450589,83143.19940231371,95082.5644450589,0.07889865093066699,6795.38621561233,55,target,680.663897899409,2.890293189560778,12455.661333416423,2024
2024-11-21 08:00:00+00:00,2024-11-25 20:00:00+00:00,L,96941.08360299999,93795.66770561987,93823.8148500749,106292.88986177529,0.07991393954549876,7746.943894525282,27,stop,-269.44221273288605,-1.0816054062501617,12186.219120683538,2024
2024-12-05 04:00:00+00:00,2024-12-05 16:00:00+00:00,L,102994.88919999999,99495.16176330564,99525.01926908636,113404.49899274089,0.07024020705856744,7234.382343382211,3,stop,-254.01820870694888,-1.0422355210887622,11932.200911976588,2024
2024-12-16 00:00:00+00:00,2024-12-18 20:00:00+00:00,L,104495.329197,101858.67728504082,101889.2440582583,112313.5846132251,0.09157184264315953,9568.829842172838,17,stop,-259.0246876577384,-1.0854019705524325,11673.17622431885,2024
2024-12-20 12:00:00+00:00,2024-12-20 12:00:00+00:00,S,92696.17280300001,97238.74831758109,97209.58544194851,79155.9348861545,0.05172660759437394,4794.858556081059,0,stop,-239.88436567718333,-1.0275025454401594,11433.291858641665,2024
2024-12-30 16:00:00+00:00,2024-12-30 16:00:00+00:00,S,92102.57093700001,94480.13768245651,94451.80214181397,85054.87732255812,0.09733645488117956,8964.937740449941,0,stop,-240.5045679456923,-1.0517730629079973,11192.787290695973,2024
2025-01-06 16:00:00+00:00,2025-01-07 12:00:00+00:00,L,102178.59438499999,99935.62608825517,99965.61577298706,108817.53022103876,0.10115585600273841,10335.963180171275,5,stop,-239.69588733041812,-1.0707604866647729,10953.091403365555,2025
2025-01-13 12:00:00+00:00,2025-01-13 20:00:00+00:00,S,90823.974631,93509.20338253351,93481.15903482307,82852.4214195308,0.0824413344260685,7487.649666459033,2,stop,-229.72094306953082,-1.04865802087137,10723.370460296024,2025
2025-01-17 16:00:00+00:00,2025-01-19 20:00:00+00:00,L,104031.2,101006.49831682697,101036.80935963485,113014.37192109546,0.07162305622881823,7451.032487151435,13,stop,-228.8242631437382,-1.066941891035915,10494.546197152285,2025
2025-01-20 08:00:00+00:00,2025-01-20 16:00:00+00:00,L,107152.786195,102290.6435295634,102321.33993154285,121647.12498537141,0.04344266964750599,4655.003092479225,2,stop,-216.2393487665365,-1.0302463046244603,10278.30684838575,2025
2025-02-03 04:00:00+00:00,2025-02-03 12:00:00+00:00,S,94010.538375,97792.3172535803,97762.98835707319,82753.18842878043,0.054781845980567,5150.070833809434,2,stop,-212.94149239016713,-1.035878260550328,10065.365355995582,2025
2025-02-25 00:00:00+00:00,2025-02-26 16:00:00+00:00,S,91525.414136,84702.37127431126,93799.76175656292,84702.37127431126,0.08851211015406996,8101.107537902504,10,target,592.0722210135616,2.9411362631803777,10657.437577009143,2025
2025-02-28 04:00:00+00:00,2025-02-28 16:00:00+00:00,S,80428.754133,84822.39579042917,84796.95670341815,67324.14642174554,0.04879552816154741,3924.563537294974,3,stop,-219.01050832733603,-1.027500779360878,10438.427068681807,2025
2025-03-24 12:00:00+00:00,2025-03-26 16:00:00+00:00,L,87715.826856,86008.08801098178,86033.8981804359,92761.61288269226,0.12412449136918313,10887.682393528334,13,stop,-229.8309053708398,-1.100888591061754,10208.596163310967,2025
2025-04-06 20:00:00+00:00,2025-04-09 16:00:00+00:00,S,79590.455698,82184.74392860767,82160.09589983772,71881.53509248688,0.07945545182559158,6323.89561848932,17,stop,-217.9326155947161,-1.0673975741050068,9990.66354771625,2025
2025-04-21 04:00:00+00:00,2025-04-22 20:00:00+00:00,L,87231.721668,91959.82716344399,85655.686502852,91959.82716344399,0.126782241521598,11059.43320485719,10,target,582.5509431492574,2.9154767366899352,10573.214490865508,2025
2025-04-23 08:00:00+00:00,2025-04-24 08:00:00+00:00,L,94162.060146,91721.61575011104,91749.14049225872,101400.81910722386,0.08763834696668421,8252.207298172936,6,stop,-224.49744395108166,-1.0616328844223826,10348.717046914426,2025
2025-04-25 16:00:00+00:00,2025-05-08 20:00:00+00:00,L,95089.728363,102387.67182387348,92657.08054270883,102387.67182387348,0.0850819174119154,8090.416415302236,79,target,580.5650000477115,2.8050095360410534,10929.282046962137,2025
2025-05-11 00:00:00+00:00,2025-05-12 12:00:00+00:00,L,104840.972859,102532.21908621168,102562.98798260646,111674.92748818063,0.09595570330796169,10060.089286176268,9,stop,-236.01445245175213,-1.0797344758677623,10693.267594510384,2025
2025-05-19 00:00:00+00:00,2025-05-19 00:00:00+00:00,L,106486.206281,104116.05008742862,104147.29427571133,113502.94229686601,0.0914379640647543,9736.881903314092,0,stop,-226.35077763052126,-1.0583798433451868,10466.916816879862,2025
2025-05-21 16:00:00+00:00,2025-05-21 16:00:00+00:00,L,109006.03200199999,106101.12717969742,106132.96706981836,117625.2267985449,0.0728623756437827,7942.438451167922,0,stop,-219.49487569002792,-1.0485173405412536,10247.421941189834,2025
2025-05-22 04:00:00+00:00,2025-05-23 12:00:00+00:00,L,111814.374252,108228.78418372576,108261.2625624945,122473.70932051646,0.05768139499502223,6449.609087350855,8,stop,-215.74787882213695,-1.0526934484610786,10031.674062367696,2025
2025-06-05 20:00:00+00:00,2025-06-06 12:00:00+00:00,S,101884.185572,104146.10212964404,104114.86766934325,95192.13927997029,0.08994265990941064,9163.734653049678,4,stop,-214.5409946671464,-1.0693180088055512,9817.13306770055,2025
2025-06-21 20:00:00+00:00,2025-06-23 20:00:00+00:00,S,102214.436467,104279.16952254123,104247.89515399504,96114.06040601492,0.09655601198574586,9869.41835262391,12,stop,-215.253140217231,-1.096313652533842,9601.879927483318,2025
2025-07-02 20:00:00+00:00,2025-07-04 12:00:00+00:00,L,109709.042842,107838.41530517506,107870.7765381365,115223.84175359047,0.10446669133088068,11460.940714781578,10,stop,-212.51197142196605,-1.1066164804545002,9389.367956061353,2025
2025-07-09 20:00:00+00:00,2025-07-11 04:00:00+00:00,L,111783.514997,117315.61324623722,109939.48224725427,117315.61324623722,0.10183515403786612,11383.491468613614,8,target,547.1435082689402,2.913633328831942,9936.511464330293,2025
2025-07-14 04:00:00+00:00,2025-07-15 00:00:00+00:00,L,120786.475075,118541.75942837168,118577.33262816012,127413.90241551962,0.08995808738856313,10865.720280153351,5,stop,-215.41151148890611,-1.0839393295231534,9721.099952841387,2025
2025-08-01 20:00:00+00:00,2025-08-07 08:00:00+00:00,S,113294.671399,115967.86076242408,115933.08083817264,105379.44308148208,0.07368909319767863,8348.581599521287,33,stop,-219.20713382520017,-1.1274811229624688,9501.892819016186,2025
2025-08-11 00:00:00+00:00,2025-08-14 16:00:00+00:00,L,119330.058281,117402.14766794047,117437.37888160495,125008.09647918519,0.10040678650650703,11981.547685629408,22,stop,-218.63977181425471,-1.1505064095055346,9283.253047201932,2025
2025-08-19 20:00:00+00:00,2025-08-22 12:00:00+00:00,S,113098.55025300001,115420.26115382141,115385.64546018335,106237.26463144996,0.08117941936168574,9181.274640186977,16,stop,-205.09567477814159,-1.1046541214340782,9078.15737242379,2025
2025-08-26 00:00:00+00:00,2025-08-28 04:00:00+00:00,S,110078.946406,112963.29009963635,112929.41127625348,101527.55179523957,0.06369597792388523,7011.586140161122,13,stop,-195.38206991214133,-1.0761108333814662,8882.775302511649,2025
2025-08-29 16:00:00+00:00,2025-09-02 12:00:00+00:00,S,108353.714131,111191.19170367063,111157.84435036553,99941.32347290342,0.06335494151567252,6864.743221775404,23,stop,-194.61730770823146,-1.0954758005260048,8688.157994803418,2025
2025-09-10 16:00:00+00:00,2025-09-22 04:00:00+00:00,L,113888.146197,111857.07594351537,111890.6431364563,119880.65537863108,0.0869901845601039,9907.150856885126,69,stop,-220.6816559302004,-1.2700140585737223,8467.476338873217,2025
2025-09-25 20:00:00+00:00,2025-09-28 20:00:00+00:00,S,109327.19200000001,111572.10318150008,111538.64158902338,102692.84323292991,0.07657851556645866,8372.114074409215,18,stop,-187.90493858212625,-1.109568725450558,8279.571400291092,2025
2025-10-02 00:00:00+00:00,2025-10-05 04:00:00+00:00,L,118630.568497,124967.39146476373,116518.29417441209,124967.39146476373,0.07839484968171323,9300.0255849785,19,target,478.3908469847486,2.8889831602148477,8757.96224727584,2025
2025-11-03 16:00:00+00:00,2025-11-14 04:00:00+00:00,S,105713.986287,97756.09210563026,108366.61768078992,97756.09210563026,0.06603225964813005,6980.533390942043,63,target,496.7712601315591,2.8361121349094622,9254.7335074074,2025
2025-11-17 20:00:00+00:00,2025-11-21 04:00:00+00:00,S,91651.42632099999,82022.18582861687,94861.17315179437,82022.18582861687,0.0576664391011609,5285.2113944744815,20,target,544.9912296607171,2.9443918035268726,9799.724737068116,2025
2025-12-15 20:00:00+00:00,2025-12-17 12:00:00+00:00,S,86124.11501200001,88567.71862484553,88541.15627796215,78872.9912141136,0.08108860096906298,6983.683996021756,10,stop,-208.72299848176763,-1.0649431697415892,9591.001738586348,2025
2025-12-18 20:00:00+00:00,2025-12-19 00:00:00+00:00,S,84458.45486000001,87521.84953494165,87495.60085468524,75347.01687594432,0.06315798947676439,5334.226203271661,1,stop,-199.17552508089668,-1.0383457875915987,9391.826213505452,2025
2026-01-04 04:00:00+00:00,2026-01-08 04:00:00+00:00,L,91264.151034,89667.89324662709,89694.80168713324,95972.19907460028,0.11969070152871199,10923.470261681785,24,stop,-214.99332035983653,-1.144576760005823,9176.832893145616,2026
2026-01-14 00:00:00+00:00,2026-01-19 00:00:00+00:00,L,95442.614197,93304.50625337037,93332.50600517192,101772.93877248428,0.08697973808817144,8301.573585305454,30,stop,-206.6330168699369,-1.1258405774408062,8970.19987627568,2026
2026-01-21 00:00:00+00:00,2026-01-21 12:00:00+00:00,S,88401.13170200001,90451.85061129907,90424.72319434077,82330.35722497774,0.08865623234953951,7837.311272134756,3,stop,-190.91282457541982,-1.0641503378333,8779.28705170026,2026
2026-01-25 20:00:00+00:00,2026-01-26 08:00:00+00:00,S,86469.221449,88211.43235116056,88184.97685810314,81321.95522169059,0.10233727960431578,8849.024892593812,3,stop,-188.55864941268717,-1.0738836098095776,8590.728402287572,2026
2026-01-29 16:00:00+00:00,2026-01-31 16:00:00+00:00,S,84908.53979400001,77587.34336125095,87348.93860491636,77587.34336125095,0.07040429919781688,5977.926240106517,12,target,506.1367440051525,2.94583136786385,9096.865146292725,2026
2026-02-05 04:00:00+00:00,2026-02-06 00:00:00+00:00,S,71201.883025,60077.387305562486,74910.0482648125,60077.387305562486,0.049063968609730474,3493.446953692301,5,target,541.7180060398367,2.977498277308227,9638.583152332561,2026
2026-02-23 04:00:00+00:00,2026-02-25 12:00:00+00:00,S,64914.699746000006,66777.30365280919,66757.27646986823,59386.96957439533,0.10462069804179151,6791.421200599827,14,stop,-206.50977040721753,-1.071266217987867,9432.073381925344,2026
2026-03-04 16:00:00+00:00,2026-03-06 12:00:00+00:00,L,73418.889061,70013.12401075159,70034.1342510269,83573.15349091926,0.05573268323090345,4091.831687201555,11,stop,-196.05985760718644,-1.0393253406133132,9236.013524318158,2026
2026-03-17 00:00:00+00:00,2026-03-18 08:00:00+00:00,L,74907.13540099999,72785.28848306283,72807.1306222495,81207.14973725147,0.08796183339938506,6588.96896456794,8,stop,-195.772780872435,-1.0598337711230656,9040.240743445722,2026
2026-03-27 12:00:00+00:00,2026-04-01 04:00:00+00:00,S,66682.769166,68960.9952218859,68940.31312794752,59910.13728015742,0.08008916677438192,5340.567420713386,28,stop,-195.36981896256995,-1.0805565056672595,8844.870924483152,2026
2026-04-11 20:00:00+00:00,2026-04-12 00:00:00+00:00,L,73709.266148,71982.59160153272,72004.19285939053,78824.48601382838,0.10374769206192178,7647.166246432938,1,stop,-187.07845444723046,-1.0575533325725854,8657.792470035922,2026
2026-04-14 00:00:00+00:00,2026-05-04 00:00:00+00:00,L,74440.3254,80274.10910859371,72495.73083046876,80274.10910859371,0.08904470480057934,6628.516800502069,120,target,472.80819682453995,2.730535517344055,9130.600666860462,2026
2026-05-05 04:00:00+00:00,2026-05-13 12:00:00+00:00,L,80917.347924,79031.67858848402,79055.39520704614,86503.2060748616,0.09807553740460204,7936.012383001459,50,stop,-212.62160777188967,-1.1643352695491345,8917.979059088573,2026
2026-05-18 00:00:00+00:00,2026-05-28 04:00:00+00:00,S,77434.432699,72938.65051174944,78933.02676141686,72938.65051174944,0.11901794198631928,9216.086818713125,61,target,498.0211313012992,2.7922308855039937,9416.000190389872,2026
2026-06-01 12:00:00+00:00,2026-06-02 12:00:00+00:00,S,72458.25600000001,68437.0801045093,73798.64796516357,68437.0801045093,0.140496219540391,10180.111042489854,6,target,552.0083470738664,2.931225233179452,9968.008537463738,2026
2026-06-03 04:00:00+00:00,2026-06-05 16:00:00+00:00,S,65830.14503,59145.68063457735,68058.29982847422,59145.68063457735,0.08947321383854996,5890.034643291947,15,target,588.0719918781872,2.949796790743,10556.080529341925,2026
2026-06-24 16:00:00+00:00,2026-06-24 20:00:00+00:00,S,60231.925,60898.053937,62024.61543481452,54853.853695556456,0.11776802424266995,7093.394803582679,1,eod,-85.93597768952176,-0.4070449133589505,10470.144551652404,2026
