time;open;high;low;close;Volume
"2013-04-01 02:00:00";135.3000030518;147.4880065918;132.1000061035;139;NaN
"2013-05-01 02:00:00";139;139.8899993896;79.0999984741;129;NaN
"2013-06-01 02:00:00";128.8150024414;129.7799987793;88.5;96.6139984131;NaN
"2013-07-01 02:00:00";97.5100021362;111.34400177;65.5260009766;106.0899963379;NaN
"2013-08-01 02:00:00";106.2129974365;140.8899993896;101.2109985352;135.3500061035;NaN
"2013-09-01 02:00:00";135.1399993896;146.5;118.4599990845;133;NaN
"2013-10-01 02:00:00";132.6799926758;217.4199981689;102.25;204;NaN
"2013-11-01 01:00:00";203.8999938965;1156.1400146484;201.6499938965;1129.4300537109;NaN
"2013-12-01 01:00:00";1128.9200439453;1156.1199951172;420.5100097656;754.0100097656;20897300
"2014-01-01 01:00:00";754.9699707031;1017.1199951172;754.9699707031;829.9199829102;17107900
"2014-02-01 01:00:00";828.6099853516;853.5200195313;420.4100036621;549.2600097656;28076100
"2014-03-01 01:00:00";549.9199829102;702.9099731445;443.3649902344;457.0010070801;28254000
"2014-04-01 02:00:00";457;542.3779907227;351.2720031738;447.6449890137;15244900
"2014-05-01 02:00:00";447.6329956055;624.7150268555;423.2510070801;623.6770019531;15107100
"2014-06-01 02:00:00";623.6929931641;674.1110229492;549.8209838867;639.7969970703;46422400
"2014-07-01 02:00:00";641.3909912109;657.8579711914;564.5109863281;586.2349853516;22467900
"2014-08-01 02:00:00";586.2020263672;598.116027832;443.8510131836;477.7630004883;44632300
"2014-09-01 02:00:00";477.7869873047;493.9280090332;372.2399902344;386.9440002441;34707300
"2014-10-01 02:00:00";387.4270019531;411.6979980469;289.2959899902;338.3210144043;12545400
"2014-11-01 01:00:00";338.6499938965;457.0929870605;320.6260070801;378.0469970703;9194440
"2014-12-01 01:00:00";378.2489929199;384.0379943848;304.2319946289;320.1929931641;13942900
"2015-01-01 01:00:00";320.4349975586;320.4349975586;171.5099945068;217.4640045166;23348200
"2015-02-01 01:00:00";216.8670043945;265.6109924316;212.0149993896;254.2630004883;13949300
"2015-03-01 01:00:00";254.2830047607;300.0440063477;236.5149993896;244.2239990234;22672000
"2015-04-01 02:00:00";244.2230072021;261.7980041504;214.8739929199;236.1450042725;33818600
"2015-05-01 02:00:00";235.9389953613;247.8040008545;228.5729980469;230.1900024414;14730800
"2015-06-01 02:00:00";230.233001709;267.8670043945;221.296005249;263.0719909668;44533800
"2015-07-01 02:00:00";263.3450012207;314.3940124512;253.5050048828;284.6499938965;23629100
"2015-08-01 02:00:00";284.6860046387;285.7149963379;199.5670013428;230.0559997559;20710700
"2015-09-01 02:00:00";230.2559967041;259.1820068359;225.1170043945;236.0599975586;19743500
"2015-10-01 02:00:00";236.0039978027;334.1690063477;235.6159973145;314.1659851074;48598100
"2015-11-01 01:00:00";315.0050048828;495.5620117188;300.9970092773;377.3210144043;71701600
"2015-12-01 01:00:00";377.4140014648;469.1029968262;349.4649963379;430.566986084;45996600
"2016-01-01 01:00:00";430.7210083008;462.9339904785;354.9140014648;368.766998291;37894300
"2016-02-01 01:00:00";369.3500061035;448.0459899902;367.9570007324;437.6969909668;60694700
"2016-03-01 01:00:00";437.9169921875;439.6530151367;394.0350036621;416.7290039063;60215200
"2016-04-01 02:00:00";416.7600097656;467.9649963379;415.8309936523;448.3179931641;69322600
"2016-05-01 02:00:00";448.4840087891;553.9600219727;437.3890075684;531.3859863281;138450000
"2016-06-01 02:00:00";531.1069946289;777.9899902344;525.6359863281;673.3369750977;138980000
"2016-07-01 02:00:00";672.5150146484;704.9680175781;611.833984375;624.6810302734;110818000
"2016-08-01 02:00:00";624.6019897461;626.1190185547;531.333984375;575.4719848633;75840896
"2016-09-01 02:00:00";575.5460205078;628.8179931641;570.8109741211;609.7349853516;56122400
"2016-10-01 02:00:00";609.9290161133;720.4019775391;609.4790039063;700.9719848633;97064400
"2016-11-01 01:00:00";701.3369750977;756.2369995117;678.1560058594;745.6909790039;84070800
"2016-12-01 01:00:00";746.0460205078;979.3969726563;746.0460205078;963.742980957;99135104
"2017-01-01 01:00:00";963.6580200195;1191.0999755859;755.7559814453;970.4030151367;164582000
"2017-02-01 01:00:00";970.9409790039;1200.3900146484;946.6909790039;1179.9699707031;184956000
"2017-03-01 01:00:00";1180.0400390625;1280.3100585938;903.7130126953;1071.7900390625;447287008
"2017-04-01 02:00:00";1071.7099609375;1347.9100341797;1061.0899658203;1347.8900146484;413115008
"2017-05-01 02:00:00";1348.3000488281;2763.7099609375;1348.3000488281;2286.4099121094;1544829952
"2017-06-01 02:00:00";2288.330078125;2999.9099121094;2212.9599609375;2480.8400878906;860273024
"2017-07-01 02:00:00";2492.6000976563;2916.1398925781;1843.0300292969;2875.3400878906;860574976
"2017-08-01 02:00:00";2871.3000488281;4736.0498046875;2668.5900878906;4703.3901367188;1944930048
"2017-09-01 02:00:00";4701.759765625;4975.0400390625;2946.6201171875;4338.7099609375;1207449984
"2017-10-01 02:00:00";4341.0498046875;6470.4301757813;4164.0498046875;6468.3999023438;2311379968
"2017-11-01 01:00:00";6440.9702148438;11517.400390625;5519.009765625;10233.599609375;8310689792
"2017-12-01 01:00:00";10198.599609375;20089;9694.650390625;14156.400390625;12136299520
"2018-01-01 01:00:00";14112.2001953125;17712.400390625;9402.2900390625;10221.099609375;8041160192
"2018-02-01 01:00:00";10237.2998046875;11958.5;6048.259765625;10397.900390625;6936189952
"2018-03-01 01:00:00";10385;11704.099609375;6683.9301757813;6973.5297851563;4553269760
"2018-04-01 02:00:00";7003.0600585938;9745.3203125;6526.8701171875;9240.5498046875;8673920000
"2018-05-01 02:00:00";9251.4697265625;9964.5;7090.6801757813;7494.169921875;5127130112
"2018-06-01 02:00:00";7500.7001953125;7754.8901367188;5826.41015625;6404;4543860224
"2018-07-01 02:00:00";6411.6801757813;8424.26953125;6136.419921875;7780.44;5287530000
"2018-08-01 02:00:00";7769.04;7769.04;5971.05;7037.58;4495650000
"2018-09-01 02:00:00";7044.81;7388.43;6197.52;6625.56;4002280000
"2018-10-01 02:00:00";6619.85;6965.06;6236.47;6317.61;4191240000
"2018-11-01 01:00:00";6318.14;6552.16;3585.06;4017.26845712;6048016716.85
"2018-12-01 01:00:00";4024.46424203;4309.37731216;3191.30356157;3742.70033544;4661840806.32
"2019-01-01 01:00:00";3746.71338747;4109.02106516;3400.81972619;3457.79274724;5831198270.87
"2019-02-01 01:00:00";3460.54712403;4210.64175454;3391.02375248;3854.78528208;8399767798.46
"2019-03-01 01:00:00";3853.75713203;4296.8066502;3733.74966077;4105.40429618;9045122442.87
"2019-04-01 02:00:00";4105.36242087;5642.04459312;4096.90125463;5350.72669668;13878964573.8
"2019-05-01 02:00:00";5350.91450555;9008.31456846;5347.6461061;8574.50164907;25365190957.39
"2019-06-01 02:00:00";8573.83972489;13796.4890807;7564.48860353;10817.1555981;27256473494.47
"2019-07-01 02:00:00";10796.9306183;13129.5289339;9163.13464449;10085.6277491;16631520647.75
"2019-08-01 02:00:00";10077.442592;12273.8213783;9421.63015965;9630.66384768;11454806419.01
"2019-09-01 02:00:00";9630.59319616;10898.7621803;7830.75876126;8293.86774062;17115474183.47
"2019-10-01 02:00:00";8299.72110496;10021.743983;7446.98855091;9199.58483269;26583653946.63
"2019-11-01 01:00:00";9193.99198943;9505.05167619;6617.1670508;7569.63012202;17158194786.41
"2019-12-01 01:00:00";7571.61619421;7743.43172474;6540.04927709;7193.59897843;21167946112.3
"2020-01-01 01:00:00";7194.89197053;9553.12613251;6914.99590793;9350.52936518;29432489719.13
"2020-02-01 01:00:00";9346.35762761;10457.6271997;8492.93215312;8599.50861972;35792392544.01
"2020-03-01 01:00:00";8599.7583441;9167.69579623;4106.98075029;6438.64476637;32786468812.08
"2020-04-01 02:00:00";6437.31921486;9440.65067326;6202.37351173;8658.55417975;66964629541.31
"2020-05-01 02:00:00";8672.7819143;9996.74335304;8374.32297508;9461.05891806;27773290298.51
"2020-06-01 02:00:00";9463.6056622;10199.5649719;8975.52585473;9137.99340026;15735797743.99
"2020-07-01 02:00:00";9145.98505502;11415.8638958;8977.01563525;11323.4664207;23160469766.39
"2020-08-01 02:00:00";11382.78588591;12345.22808761;10340.28925497;10804.94121976;568236893430.89
"2020-09-01 02:00:00";10802.03547482;12059.87014159;9901.90575533;10784.49157795;1174781695423.43
"2020-10-01 02:00:00";10795.25474253;14028.21429317;10416.68920469;13780.99470249;1050874546084.33
"2020-11-01 01:00:00";13780.99480514;19749.26369425;13243.159866;19625.83502949;1140873393626.59
"2020-12-01 01:00:00";19633.77044727;29244.87668786;17619.53238938;29001.71982218;1212259707945.2
"2021-01-01 01:00:00";28994.00891641;41946.73935079;28722.75527058;33114.35774753;2153473433573.37
"2021-02-01 01:00:00";33114.57724298;58330.57214185;32384.22810648;45137.77046805;2267152936673.9
"2021-03-01 01:00:00";45159.50305253;61683.86401412;45115.09311478;58918.83271375;1681184264685.64
"2021-04-01 02:00:00";58926.56414734;64863.0989077;47159.48584083;57750.17734563;1844481772415.39
"2021-05-01 02:00:00";57714.66485835;59519.35442559;30681.49691178;37332.85368874;1976593438571.94
"2021-06-01 02:00:00";37293.79237447;41295.26857449;28893.62165844;35040.83724889;1189647451706.77
"2021-07-01 02:00:00";35035.98271227;42235.54770874;29360.95583827;41626.19567624;877979009506.43
"2021-08-01 02:00:00";41460.84408133;50482.07640834;37458.00399335;47166.68794545;1065642012587.53
"2021-09-01 02:00:00";47099.77486941;52853.7637963;39787.6097979604;43790.8956254849;1102139678824.68
"2021-10-01 02:00:00";43816.7406442989;66930.3872709899;43320.0229785376;61318.957766606;1153077903531.53
"2021-11-01 01:00:00";61320.4494915952;68789.6259389221;53569.7639630968;57005.4254735998;1053270271384.16
"2021-12-01 01:00:00";56907.9667338266;59041.6852434855;42874.6168583905;46306.4461226996;957047184721.19
"2022-01-01 01:00:00";46311.744663041;47881.4062331606;33184.0595656615;38483.126309273;923979037677.66
"2022-02-01 01:00:00";38481.7653685119;45661.1731433747;34459.2177282867;43193.2340330233;671335993322.1
"2022-03-01 01:00:00";43194.5042113042;48086.8367491568;37260.2017138385;45538.6769223388;830943838434.68
"2022-04-01 02:00:00";45554.1638120546;47313.4768544721;37697.9427790922;37714.875545299;830115888651.02
"2022-05-01 02:00:00";37713.265089741;39902.9502136511;26350.4901742248;31792.3099432754;1089422059065.44
"2022-06-01 02:00:00";31792.5538087129;31957.2843170438;17708.6237125896;19784.7264946249;923939211678.26
"2022-07-01 02:00:00";19820.4704741998;24572.5794217469;18966.9506341661;23336.8956049843;927582363389.69
"2022-08-01 02:00:00";23336.7180518604;25135.5903960686;19600.7850348256;20049.7631893726;894192654541.42
"2022-09-01 02:00:00";20050.4986698419;22673.8197662856;18290.315188225;19431.7894465994;1123272250383.71
"2022-10-01 02:00:00";19431.1049459172;20988.3944704236;18319.8226296141;20495.7742320325;957903424925.88
"2022-11-01 01:00:00";20494.8976229392;21446.8860966908;15599.0471753829;17168.5655484864;1224531549126.67
"2022-12-01 01:00:00";17168.0021376253;18318.530584361;16398.1362516753;16547.4953660162;567256839394.97
"2023-01-01 01:00:00";16547.9143978715;23919.8897614092;16521.233430529;23139.2839099123;690928920787.36
"2023-02-01 01:00:00";23137.8351361505;25134.1173501961;21460.0885038644;23147.3533899085;723968574896.01
"2023-03-01 01:00:00";23150.9299581785;29159.9026178662;19628.2543094205;28478.4846056804;883299703607.68
"2023-04-01 02:00:00";28473.3318011971;31005.6080444729;27070.8494995525;29268.8070431626;531060399718.28
"2023-05-01 02:00:00";29227.1039819099;29820.1266220765;25878.428829536;27219.6586081109;443473015482.63
"2023-06-01 02:00:00";27218.4123755644;31389.5381281357;24797.1678486154;30477.2512822446;481734214225.81
"2023-07-01 02:00:00";30471.8475630488;31814.5148120678;28934.2941602457;29230.110878649;382224489087.03
"2023-08-01 02:00:00";29230.8724049903;30176.7962374838;25409.1116027686;25931.4728933574;437724169499.52
"2023-09-01 02:00:00";25934.0208061586;27488.7638021952;24930.2974941684;26967.9163010637;337637313742.31
"2023-10-01 02:00:00";26967.3974331494;35150.4334987547;26558.320783999;34667.7793605467;476425634860.31
"2023-11-01 01:00:00";34657.275324496;38415.3381982376;34133.4396153842;37712.7477716325;570863267378.05
"2023-12-01 01:00:00";37718.0096264496;44705.5150094178;37629.3589120492;42265.185654866;721704910476.24
"2024-01-01 01:00:00";42280.2352761923;48969.3713995297;38521.8938882205;42582.6063895367;825918941348.23
"2024-02-01 01:00:00";42569.7613984399;63913.1318135774;41879.1899911815;61198.382897303;830721862618.56
"2024-03-01 01:00:00";61168.0624293716;73750.07385038;59323.9089421326;71333.6479258644;1446417844950.47
"2024-04-01 02:00:00";71333.4847168797;72715.3596085505;59120.0680465683;60636.8567800147;1016068331704.26
"2024-05-01 02:00:00";60609.4979456889;71946.462688481;56555.2940546252;67489.6117770498;874291509756.41
"2024-06-01 02:00:00";67475.4311813476;71907.8489829092;58601.7000722967;62678.292079457;751726832520.26
"2024-07-01 02:00:00";62673.6063386528;69987.5422080099;53717.3754334207;64619.2496492185;953395573304.8
"2024-08-01 02:00:00";64625.8404447144;65593.244771184;49121.2373775943;58969.8983660431;1076531038326.07
"2024-09-01 02:00:00";58969.7994536059;66480.6947101072;52598.6996623841;63329.4981294766;935228464018.62
"2024-10-01 02:00:00";63335.603583719;73577.2096582116;58895.2078078197;70215.1856325839;1049276385591.06
"2024-11-01 01:00:00";70216.8969678825;99655.5010786335;66803.649995796;96449.0558127732;2214093389107.44
"2024-12-01 01:00:00";96461.3368002386;108268.4470804361;91317.1354600511;93429.2028113992;2367571853073.27
"2025-01-01 01:00:00";93425.1021360494;109114.8848340883;89260.1001886086;102405.0270844454;1917584997242.14
"2025-02-01 01:00:00";102402.7981153973;102755.7260175272;78248.9161015268;84373.0103295802;1389494855080.7
"2025-03-01 01:00:00";84373.8643718367;95043.435203001;76624.2524898268;82548.9109608694;1133328839500.75
"2025-04-01 02:00:00";82551.9187292547;95768.3924669559;74436.6791009452;94207.311297523;1060974068310.71
"2025-05-01 02:00:00";94212.8628771738;111970.1681100799;93399.8589076862;104638.0912550028;1496397538235.65
"2025-06-01 02:00:00";104637.296686896;110561.4198181253;98286.2059304254;107135.3345105601;1424277758115.75
"2025-07-01 02:00:00";107144.3826437445;123091.612801368;105157.39559599;115758.2039287926;2061338304538.11
"2025-08-01 02:00:00";115738.9552122482;124457.1168703663;107444.443172336;108236.7098959993;2048378158797.72
"2025-09-01 02:00:00";108228.7470722929;117911.7883364225;107271.183408171;114056.0836474993;1450418370470.49
"2025-10-01 02:00:00";114057.5921833042;126198.0696034339;103598.4288513281;109556.1608701478;2225033226795.8
"2025-11-01 01:00:00";109558.6274996546;111167.3134378906;80659.8124264662;90394.308947817;2179411958810.3
"2025-12-01 01:00:00";90389.1097979024;94601.5708108212;83862.2485209906;87508.8250795458;1487947448336.17
"2026-01-01 01:00:00";87508.0476624348;97860.6038029774;75815.8828432276;78621.1140275542;1257318501231.86
"2026-02-01 01:00:00";78626.1269261602;79322.6125088066;60074.2030063429;66995.861324432;1472969852420.67
"2026-03-01 01:00:00";67005.886412364;75988.4005176101;64971.706029593;68233.3155611907;1294169596743.55
"2026-04-01 02:00:00";68232.8906602461;79488.1719641042;65725.2568497465;76304.3187968028;1067031096651.62
"2026-05-01 02:00:00";76305.0555999406;82792.2106473945;72435.6234578528;73579.6878524867;956410808781.26
"2026-06-01 02:00:00";73573.0497779031;73956.1221162938;59034.0168225261;61638.25434000311;NaN